date,close_price,miners_revenue,difficulty,hash_rate,median_confirmation_time,avg_block_size,n_unique_addresses,n_transactions_per_block,n_transactions,cost_per_transaction_percent
2023-07-01,30471.5,26154914.732571002,50646206431058.0,334845664.7949681,9.3,1.6567550676691738,622117.0,2438.1503759398497,324274.0,0.8324979823192378
2023-07-02,30591.53,33775253.848481484,50646206431058.0,430515854.7363876,6.95,1.816713397660819,534333.0,1812.3976608187133,309920.0,1.7354297727524437
2023-07-03,30618.25,27990140.909918316,50646206431058.0,344916211.10459125,12.633333333333333,1.78020302189781,655439.0,2394.992700729927,328114.0,0.7866755431507992
2023-07-04,31150.92,28640397.54593083,50646206431058.0,357504393.99162006,11.308333333333334,1.7253826056338029,645583.0,2665.887323943662,378556.0,0.9280306730212705
2023-07-05,30774.87,30309671.13015693,50646206431058.0,390233669.4978951,9.183333333333334,1.6932442774193548,716586.0,3183.7290322580643,493478.0,0.9937216512358493
2023-07-06,30502.55,27125275.64271407,50646206431058.0,349951484.25940275,9.566666666666666,1.6520735179856114,709055.0,2825.093525179856,392688.0,0.5417839237055284
2023-07-07,29918.04,34013005.20105904,50646206431058.0,440586401.04601073,7.75,1.7994490114285704,773326.0,3177.2228571428573,556014.0,1.101500272079974
2023-07-08,30344.53,34114021.652351,50646206431058.0,448139310.7782279,9.741666666666667,1.7515152528089892,695972.0,3223.016853932584,573697.0,1.9712890971354249
2023-07-09,30214.55,33188679.628863256,50646206431058.0,425480581.581576,10.416666666666666,1.763557147928994,732590.0,3516.360946745562,594265.0,1.9334006419956167
2023-07-10,30214.55,29651100.59188326,50646206431058.0,387716032.92048943,8.133333333333333,1.6637028506493508,679425.0,3292.9545454545455,507115.0,0.8306988630700183
2023-07-11,30411.71,26664260.808558695,50646206431058.0,339880937.9497796,9.583333333333334,1.714983807407407,686922.0,3202.17037037037,432293.0,0.8346619466680297
2023-07-12,30622.7,28532856.624235082,53503052179805.375,382989765.58074266,10.683333333333334,1.7033098472222223,752660.0,3321.6666666666665,478320.0,0.7339787800551026
2023-07-13,30391.64,23641573.302443318,53911173001055.0,321592673.51184636,11.95,1.601404933333334,678891.0,3132.1583333333333,375859.0,0.4282040424229364
2023-07-14,31485.37,27519041.337585144,53911173001055.0,369831574.5386234,10.316666666666666,1.602543224637681,760021.0,3055.550724637681,421666.0,
2023-07-15,30330.22,27066441.91831429,53911173001055.0,369831574.5386234,11.041666666666666,1.6834480579710147,732135.0,3514.3478260869565,484980.0,1.5475500695031956
2023-07-16,30291.67,29842687.815297596,53911173001055.0,415390536.6194682,10.95,1.7313029677419356,732664.0,3839.6451612903224,595145.0,2.05082714164438
2023-07-17,30240.28,26196758.55308894,53911173001055.0,364471696.6467593,9.333333333333332,1.6155172867647063,703876.0,3151.5588235294117,428612.0,0.7992450711018122
2023-07-18,30144.2,31319782.33021599,53911173001055.0,434150109.2409926,8.825,1.725549080246913,775244.0,3596.814814814815,582684.0,0.8281249140038116
2023-07-19,29859.24,28328021.50246617,53911173001055.0,396630963.9979439,9.008333333333333,1.7387541013513517,745057.0,3244.925675675676,480249.0,0.7284443165502611
2023-07-20,29912.48,24707512.102940787,53911173001055.0,343032185.0793028,11.541666666666666,1.57570603125,685150.0,3128.125,400400.0,0.7646219587537014
2023-07-21,29802.29,21607034.364091497,53911173001055.0,300153161.94439,12.283333333333333,1.5836044910714289,657357.0,2891.4910714285716,323847.0,0.6461299459423261
2023-07-22,29907.88,26432278.228747524,53911173001055.0,359111818.75489503,10.133333333333333,1.6688782611940296,556589.0,2154.8507462686566,288750.0,2.1434891481710894
2023-07-23,29774.36,28310247.069138404,53911173001055.0,393951025.0520118,10.916666666666666,1.730404278911564,691587.0,3806.9659863945576,559624.0,2.126358940818727
2023-07-24,30081.88,28407356.750944234,53911173001055.0,401990841.889808,9.35,1.7009421200000001,704020.0,3532.82,529923.0,0.8993595207347876
2023-07-25,29178.42,25712518.25357459,53911173001055.0,369831574.5386234,9.216666666666667,1.6838943840579714,734826.0,3352.072463768116,462586.0,0.9807532815132363
2023-07-26,29226.18,26926803.941132326,53251647610383.75,381190141.57452464,9.15,1.6828594652777773,737067.0,3144.0694444444443,452746.0,1.016187870730174
2023-07-27,29344.56,26347218.51898918,52328312063444.0,358973121.2673339,10.525,1.6534879420289852,713630.0,2993.0289855072465,413038.0,0.7912977030007313
2023-07-28,29213.94,26233809.358800165,52328312063444.0,364175630.2712082,10.35,1.629710542857143,720574.0,3208.75,449225.0,0.8831037938582835
2023-07-29,29316.12,24706378.94273607,52328312063444.0,343365594.25571066,9.641666666666666,1.6167031818181816,694496.0,3205.4469696969695,423119.0,1.5422220106496711
2023-07-30,29359.89,31692642.533020645,52328312063444.0,437010756.32545,9.966666666666667,1.7217561607142862,800500.0,3844.3690476190477,645854.0,2.288195198900006
2023-07-31,29274.94,27510234.359162603,52328312063444.0,366776884.7731455,9.45,1.6788036666666668,677346.0,3160.751773049645,445666.0,1.0160095965337426
2023-08-01,29228.49,26122899.546493188,52328312063444.0,361574375.76927114,10.783333333333333,1.6502910791366907,734323.0,2965.6043165467627,412219.0,0.7889515879481128
2023-08-02,29683.61,29363951.078214865,52328312063444.0,400593193.2983291,8.533333333333333,1.5706304480519473,698941.0,2537.4545454545455,390768.0,0.8505865195886222
2023-08-03,29152.45,28247538.053915504,52328312063444.0,392789429.79251754,10.05,1.6901883112582776,716303.0,3152.364238410596,476007.0,1.1762309608767063
2023-08-04,29183.41,23104041.166844852,52328312063444.0,314751794.7344015,9.533333333333333,1.5942489752066114,641787.0,2632.115702479339,318486.0,1.1024444029517326
2023-08-05,29075.0,28591503.046726555,52328312063444.0,400593193.2983291,10.066666666666666,1.692858779220779,729623.0,3251.448051948052,500723.0,1.9608269546733295
2023-08-06,29048.01,30288540.36209772,52328312063444.0,426605738.3177011,9.691666666666666,1.709818176829269,771973.0,3702.8963414634145,607275.0,2.4723402974301165
2023-08-07,29041.01,27209670.747621182,52328312063444.0,379783157.2828315,9.991666666666667,1.7000173493150694,676210.0,2928.3150684931506,427534.0,0.9084813430493291
2023-08-08,29181.71,23875114.96975787,52328312063444.0,325156812.74215025,11.4,1.5628341759999997,616643.0,2649.552,331194.0,0.7897015540541614
2023-08-09,29768.29,30918658.40601437,52358969387622.18,421650114.697692,8.741666666666667,1.6555769135802474,735662.0,3128.061728395062,506746.0,1.1138856241048443
2023-08-10,29565.82,24172398.41337492,52391178981379.0,330756213.4390739,10.916666666666666,1.558921787401575,711323.0,2819.2047244094488,358039.0,0.7606487885918233
2023-08-11,29433.98,28454990.93611478,52391178981379.0,393261324.6401588,10.45,1.6407994503311258,733810.0,3354.5562913907283,506538.0,1.0129590377661553
2023-08-12,29399.18,31294824.65651836,52391178981379.0,434931398.7742153,7.916666666666667,1.5946412095808382,703004.0,3017.568862275449,503934.0,2.302461711035179
2023-08-13,29412.84,25585662.894784916,52391178981379.0,351591250.5061022,12.066666666666666,1.7008965925925932,650366.0,3682.311111111111,497112.0,1.9575955496078445
2023-08-14,29283.84,32337872.752744462,52391178981379.0,445348917.3077294,8.1,1.7120822690058488,723900.0,3324.66081871345,568517.0,0.9794032778159542
2023-08-15,29413.8,31915144.915740907,52391178981379.0,445348917.3077294,8.533333333333333,1.6554288596491231,786113.0,3409.7251461988303,583063.0,1.1038156506207157
2023-08-16,29169.09,30586968.731064703,52391178981379.0,424513880.24070114,11.483333333333333,1.6853333067484657,669749.0,3477.7791411042945,566878.0,1.1437712350689238
2023-08-17,28701.48,28424682.20544334,52391178981379.0,406283222.8070514,10.541666666666668,1.6442938525641029,769086.0,3219.7051282051284,502274.0,0.6333353530221429
2023-08-18,26662.05,23433019.422335666,52391178981379.0,362008769.0396163,10.916666666666666,1.6309657553956838,783855.0,3044.654676258993,423207.0,0.5948303848908814
2023-08-19,26047.05,23221911.614093296,52391178981379.0,364613148.6729948,12.416666666666668,1.698904571428572,628343.0,3712.714285714286,519780.0,1.9518644550732756
2023-08-20,26090.7,27190186.429498125,52391178981379.0,421909500.6073226,10.141666666666666,1.7218340123456801,691316.0,3780.6234567901233,612461.0,2.4347705086242923
2023-08-21,26189.99,27340334.701749604,52391178981379.0,429722639.5074582,7.833333333333333,1.6339832484848482,739287.0,3333.7818181818184,550074.0,1.121050333288228
2023-08-22,26123.41,24046155.91841951,53588410123873.43,380936887.22817194,10.35,1.7288874265734266,633631.0,2943.055944055944,420857.0,0.857151953400377
2023-08-23,26036.91,23718914.63540224,55621444139430.0,392623891.9211836,9.383333333333333,1.6876154577464781,652036.0,2942.4084507042253,417822.0,0.5776931952134852
2023-08-24,26426.74,23333266.492939506,55621444139430.0,384329020.9651023,9.366666666666667,1.570589345323741,660102.0,2871.589928057554,399151.0,1.008758300334052
2023-08-25,26165.4,22467915.225991674,55621444139430.0,373269193.0236605,11.433333333333334,1.6278751037037031,706946.0,3149.5703703703703,425192.0,0.7859437799547015
2023-08-26,26049.42,23075478.398958765,55621444139430.0,378799106.9943814,11.55,1.663669532846716,747932.0,3631.4817518248174,497513.0,2.1499482171992255
2023-08-27,26006.44,19271798.243833873,55621444139430.0,320735010.301812,18.041666666666664,1.6942637758620682,606069.0,3565.4655172413795,413594.0,1.922973290154033
2023-08-28,26088.78,19666378.699688364,55621444139430.0,326264924.27253294,10.366666666666667,1.5833044491525425,636935.0,2808.008474576271,331345.0,0.8754028091505824
2023-08-29,26108.31,26890150.788067795,55621444139430.0,436863203.68695074,8.566666666666666,1.658418797468355,767879.0,3166.4620253164558,500301.0,0.7037505021671482
2023-08-30,27731.23,22094413.287385218,55621444139430.0,348384580.1554164,9.775,1.6237680714285725,665354.0,3238.1031746031745,408001.0,0.6193358673031407
2023-08-31,27301.12,24961857.55441304,55621444139430.0,398153805.89190453,8.525,1.6487308333333335,742110.0,3037.7430555555557,437435.0,0.7678230430475256
2023-09-01,25932.99,25120794.91081459,55621444139430.0,417508504.7894277,7.55,1.6880327483443716,769950.0,2778.46357615894,419548.0,0.7127466194491724
2023-09-02,25802.1,25144099.92728905,55621444139430.0,420273461.77478814,8.783333333333333,1.706112842105263,774348.0,3550.9736842105262,539748.0,2.1405918854730266
2023-09-03,25869.09,26107291.39871566,55621444139430.0,436863203.68695074,7.25,1.683306569620253,696368.0,3957.3227848101264,625257.0,2.4826430197564116
2023-09-04,25969.05,25039640.94070276,55621444139430.0,411978590.8187068,8.8,1.6293902953020132,730142.0,3846.953020134228,573196.0,1.612352301870251
2023-09-05,25810.86,21245406.274935115,55621444139430.0,342854666.18469554,9.566666666666666,1.5411401290322577,753968.0,3726.5564516129034,462093.0,0.9298779171942233
2023-09-06,25785.3,22504229.026187494,54302721812289.63,364419397.2930779,6.483333333333333,1.545213800000001,757286.0,3595.237037037037,485357.0,1.011879821144908
2023-09-07,25753.31,24404908.237159327,54150142369480.0,393005453.9397736,9.033333333333333,1.653818,785059.0,3684.513698630137,537939.0,1.1109102944215887
2023-09-08,26243.47,22598608.962329462,54150142369480.0,358011817.6300677,8.45,1.614360571428571,694292.0,3118.7894736842104,414799.0,1.1765789635529318
2023-09-09,25906.03,25270696.568339124,54150142369480.0,406464544.828122,8.4,1.696613264900663,927787.0,3956.3509933774835,597409.0,2.0466179391250017
2023-09-10,25894.31,24948509.55641232,54150142369480.0,395697272.1174433,8.35,1.658724156462585,847065.0,3798.605442176871,558395.0,2.4891560678381515
2023-09-11,25832.82,26180834.564799786,54150142369480.0,427999090.2494795,7.633333333333334,1.5389142075471702,719793.0,2887.622641509434,459132.0,1.1259088965821697
2023-09-12,25162.7,23588981.36153588,54150142369480.0,379546363.0514252,10.25,1.6130623900709222,784703.0,3278.921985815603,462328.0,0.8788538284023204
2023-09-13,25835.7,24786596.15628565,54150142369480.0,395697272.1174433,10.4,1.6724070136054419,802393.0,3486.0272108843537,512446.0,1.3028037763284135
2023-09-14,26227.98,27600711.13450581,54150142369480.0,436074544.7824885,7.625,1.6847384938271606,875176.0,3556.882716049383,576215.0,1.3032948649931055
2023-09-15,26536.02,32037508.81394793,54150142369480.0,506061817.40190023,7.816666666666666,1.6998291808510644,1017545.0,3743.0425531914893,703692.0,1.2231886694841663
2023-09-16,26605.75,26464639.493225966,54150142369480.0,417231817.5388007,7.233333333333333,1.684559477419356,876224.0,3826.7354838709675,593144.0,1.8882046293183432
2023-09-17,26568.65,25479813.23061756,54150142369480.0,401080908.4727827,10.95,1.7224605906040273,854606.0,4102.147651006711,611220.0,2.8715001109813225
2023-09-18,26536.54,27760078.561090413,54150142369480.0,419923635.7164705,9.366666666666667,1.7435591346153843,852484.0,4075.9294871794873,635845.0,1.1881357675146347
2023-09-19,26763.76,25100244.17051251,55816608966185.68,385677556.7313763,11.666666666666666,1.6710127050359713,741822.0,3553.143884892086,493887.0,0.9820993468135671
2023-09-20,27222.12,26065716.14019558,57119871304635.0,414558853.7494199,8.025,1.6569082191780817,823616.0,3779.3356164383563,551783.0,1.1946063711198618
2023-09-21,27133.55,24381114.451694295,57119871304635.0,391843300.11931473,10.149999999999999,1.6412595072463765,763149.0,3127.1014492753625,431540.0,0.9619431855118564
2023-09-22,26569.6,22706065.06682296,57119871304635.0,366288302.28544635,10.766666666666667,1.631603403100775,757791.0,3423.8682170542634,441679.0,1.097886661859144
2023-09-23,26581.86,27666483.922672935,57119871304635.0,442953295.78705144,8.208333333333332,1.6663353012820512,882768.0,4036.00641025641,629617.0,1.7983826209236227
2023-09-24,26580.72,25269067.88255642,57119871304635.0,414558853.7494199,9.270833333333332,1.6791603972602742,685778.0,3021.7876712328766,441181.0,1.8489968819201383
2023-09-25,26252.75,24661550.73070846,57119871304635.0,411719409.5456568,7.6,1.7311993448275862,635909.0,1970.6896551724137,285750.0,0.8893682862503035
2023-09-26,26293.29,23061586.50874123,57119871304635.0,386164411.7117884,8.266666666666666,1.722585742647058,624716.0,2277.860294117647,309789.0,0.9273837038149908
2023-09-27,26212.82,26698372.824476056,57119871304635.0,445792739.99081457,8.95,1.6966282866242037,621414.0,2148.184713375796,337265.0,1.0281080154635616
2023-09-28,26357.65,25747626.191917732,57119871304635.0,414558853.7494199,10.075,1.7175773493150683,639899.0,2595.719178082192,378975.0,0.7710385213933182
2023-09-29,27021.15,25946534.412971754,57119871304635.0,417398297.95318305,11.35,1.7131524557823128,713902.0,2246.7278911564626,330269.0,0.8156212613230549
2023-09-30,26916.91,23854988.05610223,57119871304635.0,391843300.11931473,7.683333333333334,1.7384846594202898,625600.0,1996.1884057971015,275474.0,1.0735199182865407
2023-10-01,26970.43,24442856.9810465,57119871304635.0,400361632.7306042,10.0,1.7667108510638305,613394.0,2273.1631205673757,320516.0,1.816540670059798
2023-10-02,27983.92,28329529.39362417,57119871304635.0,445792739.99081457,8.633333333333333,1.7953097643312097,691873.0,2192.7579617834394,344263.0,0.7122406040808803
2023-10-03,27532.51,28995037.486792862,57252656596459.91,466751379.41330886,6.9,1.8681197439024382,676161.0,1894.2926829268292,310664.0,1.104815987133884
2023-10-04,27430.23,23240602.983478393,57321508229258.0,373280259.4846018,9.55,1.7388578931297707,638418.0,2194.1221374045804,287430.0,0.648874570178582
2023-10-05,27797.56,25110031.20892198,57321508229258.0,401774935.7811363,7.783333333333333,1.518329730496454,687363.0,2264.6099290780144,319310.0,0.957159101552557
2023-10-06,27416.69,28870637.172927104,57321508229258.0,455914820.74455184,7.475,1.4546465375000006,679001.0,1866.5625,298650.0,1.201332326760142
2023-10-07,27946.61,31014954.909119453,57321508229258.0,487258964.67073977,5.4,1.5860424210526316,596825.0,1430.2163742690059,244567.0,1.7666980311455165
2023-10-08,27973.26,27314613.070051916,57321508229258.0,421721209.1887104,5.8125,1.8457732770270265,557949.0,1638.1081081081081,242440.0,2.240739744577944
2023-10-09,27937.18,27541014.339650355,57321508229258.0,444516950.225938,6.308333333333334,1.8119598846153855,599404.0,1818.2564102564102,283648.0,1.2761900016689822
2023-10-10,27581.42,28707330.94272675,57321508229258.0,461613756.0038587,5.8875,1.7712977592592605,629505.0,1759.6296296296296,285060.0,0.7511250559386828
2023-10-11,27395.65,27666095.64227482,57321508229258.0,455914820.74455184,5.8875,1.47117684375,607097.0,1653.75,264600.0,0.7159896429327085
2023-10-12,26867.79,28303571.441823736,57321508229258.0,470162158.89281905,6.616666666666666,1.375921575757575,624747.0,1618.7272727272727,267090.0,1.037175836180239
2023-10-13,26758.66,24087147.492945295,57321508229258.0,393226532.892176,7.275,1.5206309637681161,662518.0,2025.4927536231885,279518.0,0.9946709643429227
2023-10-14,26866.51,25258288.02604316,57321508229258.0,416022273.9294035,5.541666666666667,1.7656622260273975,612783.0,1816.5753424657535,265220.0,1.6186915413447223
2023-10-15,26855.89,28431414.424704663,57321508229258.0,475861094.15212595,5.016666666666667,1.8809289820359285,571061.0,1508.5209580838323,251923.0,2.1817898907735924
2023-10-16,27167.87,25518086.84010881,59373391582489.234,416156889.9191482,8.7,1.676824652482269,652765.0,2126.113475177305,299782.0,0.693993519934242
2023-10-17,28517.32,30742974.361832604,61030681983176.0,491483968.444345,6.5,1.6921419135802467,645537.0,1816.4012345679012,294257.0,0.7192181813671807
2023-10-18,28413.17,26281695.00654422,61030681983176.0,439908490.27425945,7.983333333333333,1.6081916482758627,613906.0,1871.344827586207,271345.0,0.5872493049181536
2023-10-19,28331.5,25797505.892024655,61030681983176.0,424739231.98894006,8.383333333333333,1.7076567499999995,649723.0,2014.3357142857142,282007.0,0.8442549036089307
2023-10-20,28723.49,26023036.304821745,61030681983176.0,406536122.04655695,8.483333333333334,1.5260257388059704,705226.0,2208.1194029850744,295888.0,0.5162599248384635
2023-10-21,29682.6,28815660.222291574,61030681983176.0,455077748.5595787,7.058333333333334,1.5068115466666676,640544.0,1804.14,270621.0,1.6715620316992026
2023-10-22,29921.68,28981484.98366903,61030681983176.0,464179303.53077024,5.683333333333334,1.6526836143790853,577606.0,1650.045751633987,252457.0,1.8219467218789909
2023-10-23,29990.73,30814659.955034763,61030681983176.0,476314710.1590258,5.65,1.9158654585987251,660705.0,1922.1656050955414,301780.0,0.5953008741348612
2023-10-24,33059.98,28536795.17404676,61030681983176.0,382265308.79004604,12.625,1.5767352698412702,755204.0,2967.095238095238,373854.0,0.34118452672488914
2023-10-25,33902.65,32725349.07621698,61030681983176.0,436874638.6171956,10.025,1.5953741805555555,812853.0,3309.3680555555557,476549.0,0.6048982573633165
2023-10-26,34493.19,33251001.232997146,61030681983176.0,455077748.5595787,10.091666666666667,1.664096799999999,778594.0,2875.04,431256.0,0.6362002918763359
2023-10-27,34157.79,34005980.050704196,61030681983176.0,467213155.18783414,8.883333333333333,1.656251759740259,801082.0,2940.3636363636365,452816.0,0.6667206360426359
2023-10-28,33911.08,34772370.76564866,61030681983176.0,485416265.1302173,8.258333333333333,1.6691116437500007,819540.0,3527.39375,564383.0,1.211180268804821
2023-10-29,34090.68,30266520.889385495,61030681983176.0,415637677.0177486,9.433333333333334,1.6579092919708027,672955.0,2994.817518248175,410290.0,1.7532074344471609
2023-10-30,34532.39,35089903.5789379,62224673386140.1,482540025.495944,7.9125,1.692527955128205,779588.0,2969.24358974359,463202.0,0.7836002385214952
2023-10-31,34501.0,33982514.00176837,62463471666732.93,481286782.8761844,9.216666666666667,1.67983035483871,782062.0,2798.393548387097,433751.0,0.8940313444899503
2023-11-01,34662.16,32922837.157770928,62463471666732.97,462656326.7648482,7.7,1.5949489463087256,796206.0,3111.7046979865772,463644.0,0.6948848068488702
2023-11-02,35440.51,33351243.132835437,62463471666733.0,447130946.6720681,8.425,1.628937534722222,806444.0,2802.3680555555557,403541.0,0.7526002475538739
2023-11-03,34934.65,30526523.557337712,62463471666733.0,422290338.52361983,9.258333333333333,1.5985437500000004,789502.0,3326.1323529411766,452354.0,0.6300210540619202
2023-11-04,34736.55,40679663.2595844,62463471666732.86,521652771.1174128,7.891666666666667,1.6867411428571444,957847.0,4160.2202380952385,698917.0,2.389838920020087
2023-11-05,35088.05,38240754.28128319,62463471666732.88,506127391.02463263,10.533333333333333,1.7244486196319018,891683.0,4131.134969325153,673375.0,2.132838179055957
2023-11-06,35048.35,30426194.06464776,62463471666733.0,394344654.35661566,10.233333333333333,1.6756543622047244,725183.0,3459.2047244094488,439319.0,0.8574320010866183
2023-11-07,35035.12,32192116.297135763,62463471666733.0,412975110.4679518,11.2,1.5931909624060159,737771.0,3386.248120300752,450371.0,0.8061031091539885
2023-11-08,35436.28,37138019.602830954,62463471666732.97,462656326.7648482,9.016666666666667,1.6537917315436244,837044.0,3914.1006711409395,583201.0,0.7310439003117429
2023-11-09,35629.52,42386514.038143665,62463471666733.0,444025870.65351206,8.966666666666667,1.6635914965034964,832393.0,4010.2517482517483,573466.0,0.674118308373094
2023-11-10,36696.25,41589897.60578385,62463471666732.94,478181706.85762835,9.4,1.6213230194805193,848433.0,3401.5,523831.0,0.7477563112013047
2023-11-11,37321.65,42293293.39069208,62463471666732.9,496812162.9689646,9.525,1.661074224999999,894325.0,3922.05625,627529.0,1.7072663245053
2023-11-12,37140.27,44174930.492356926,63233946844737.766,506083624.1310116,7.333333333333333,1.7385089689440993,880975.0,4368.490683229814,703327.0,2.638754128593544
2023-11-13,37058.98,31884004.88571462,64678587803497.0,389037994.7160368,11.516666666666667,1.671679487603306,670301.0,3541.380165289256,428507.0,0.8284690525479782
2023-11-14,36497.35,34961118.48011874,64678587803497.0,443696225.37862045,11.0,1.6433546956521738,745056.0,3792.913043478261,523422.0,
2023-11-15,35545.97,38830543.630601875,64678587803496.945,475848125.7683755,8.466666666666667,1.6202989459459454,770577.0,3796.9054054054054,561942.0,0.9464829384397676
2023-11-16,37891.48,45968659.957687706,64678587803496.945,475848125.7683755,9.5,1.6810763040540544,813390.0,4246.121621621622,628426.0,1.0160772835564296
2023-11-17,36155.5,43669781.8707609,64678587803496.93,482278505.8463265,9.741666666666667,1.621066933333334,760684.0,3577.6266666666666,536644.0,1.046860209564512
2023-11-18,36624.3,46206459.47486679,64678587803496.94,479063315.80735093,10.766666666666667,1.6871649798657717,748237.0,4223.261744966443,629266.0,2.8584709512901676
2023-11-19,36588.13,46808749.511597805,64678587803496.82,546582306.6258367,8.016666666666667,1.7211151941176464,806772.0,4179.876470588235,710579.0,3.073093382203046
2023-11-20,37396.17,45344546.355345115,64678587803496.84,533721546.46993476,8.683333333333334,1.7177419397590374,804527.0,3859.4578313253014,640670.0,1.082220676133287
2023-11-21,37479.96,41691019.301160336,64678587803496.92,488708885.9242776,8.625,1.8117768881578944,779702.0,3438.1118421052633,522593.0,0.830817098712812
2023-11-22,35808.95,38112934.25756094,64678587803496.984,456556985.5345224,9.95,1.6735000352112672,777966.0,3773.443661971831,535829.0,0.7573694120655117
2023-11-23,37427.42,42565103.66364608,64678587803496.95,472632935.72940004,11.0,1.6712810816326533,771284.0,3998.0,587706.0,1.1237120697297653
2023-11-24,37297.56,43175803.346235916,64678587803496.836,540151926.5478858,8.649999999999999,1.751372083333334,841609.0,3713.6785714285716,623898.0,0.9091697349998424
2023-11-25,37720.5,41000040.53691879,64678587803496.88,511215216.1971062,7.966666666666667,1.8285292389937093,861295.0,3881.9748427672957,617234.0,1.5017865926720504
2023-11-26,37800.94,37350394.614752516,67912869716769.22,492891191.48160595,8.216666666666667,1.8263538082191775,817987.0,3962.219178082192,578484.0,1.8086735691431657
2023-11-27,37468.89,33990153.118594855,67957790298898.0,439166010.2949663,10.608333333333334,1.7804042538461542,759608.0,3688.3615384615387,479487.0,0.615262137801708
2023-11-28,37248.86,37326757.10887134,67957790298898.0,496595411.64123106,7.95,1.7175090136054423,713884.0,3045.3197278911566,447662.0,0.8431406345159876
2023-11-29,37832.75,34687799.69065694,67957790298898.0,459435210.7701186,8.491666666666667,1.5893472352941178,646160.0,2651.3823529411766,360588.0,0.7380974442695339
2023-11-30,37867.37,34288709.36377425,67957790298898.0,452678810.6117344,10.225,1.7534804328358211,701654.0,3073.7462686567164,411882.0,0.5953444340771091
2023-12-01,37711.79,44330443.88131468,67957790298898.0,570915813.3834561,8.916666666666666,1.870475988165682,844580.0,2937.680473372781,496468.0,0.8052277594277358
2023-12-02,38697.81,33852262.01674702,67957790298898.0,429031410.0573902,9.55,1.6821237322834648,689877.0,3380.803149606299,429362.0,1.663024934459469
2023-12-03,39476.4,46347878.82500001,67957790298898.0,557403013.066688,7.833333333333333,1.721297,777188.0,4290.157575757576,707876.0,1.8219806958530465
2023-12-04,39976.04,46775809.09590795,67957790298898.0,523621012.2747674,8.683333333333334,1.6798850387096775,763939.0,3679.967741935484,570395.0,0.7053185332288533
2023-12-05,41985.55,46391610.444179684,67957790298898.0,466191610.9285027,8.516666666666666,1.6038542101449267,674260.0,3731.608695652174,514962.0,0.6248133734492952
2023-12-06,44076.76,50935074.8445154,67957790298898.0,459435210.7701186,12.466666666666665,1.5178013455882353,642605.0,3439.669117647059,467795.0,0.662529014579966
2023-12-07,43745.3,38956627.59378403,67957790298898.0,388493009.1070856,12.483333333333333,1.6511541652173911,647634.0,3235.217391304348,372050.0,0.6125113643528021
2023-12-08,43298.7,43486639.64278974,67957790298898.0,456057010.69092655,10.316666666666666,1.7802752814814806,682971.0,3047.822222222222,411456.0,0.7569390874300791
2023-12-09,44184.18,49983455.1733174,67957790298898.0,530377412.4331516,8.35,1.7251319808917192,739198.0,3741.388535031847,587398.0,1.5938497480379286
2023-12-10,43709.41,44686549.54716012,67436283581404.43,469318617.5512489,10.716666666666665,1.7631495714285716,664453.0,3829.8214285714284,536175.0,1.8487105420141643
2023-12-11,43787.81,47227552.40644524,67305906902031.14,528635575.20314026,8.8,1.7876318164556964,690909.0,3325.8607594936707,525486.0,0.5827000381601436
2023-12-12,41238.31,42108188.76068561,67305906902031.055,481794448.2864064,10.425,1.6236592847222229,688671.0,3771.9583333333335,543162.0,0.6006753729993946
2023-12-13,41458.49,47685314.57453177,67305906902031.086,498523422.18524003,8.033333333333333,1.5409254161073833,617899.0,3945.771812080537,587920.0,1.2563717737510955
2023-12-14,42887.09,53487706.78018544,67305906902031.07,488486037.84593976,7.066666666666666,1.5073960068493146,573978.0,3910.8561643835615,570985.0,1.2353853471919936
2023-12-15,43023.24,61874809.91705933,67305906902031.164,545364549.1019738,7.666666666666667,1.637462042944785,706714.0,3881.20245398773,632636.0,1.1670484362903624
2023-12-16,41934.71,63958242.19172744,67305906902031.1,508560806.52454,8.3,1.6690960921052622,636391.0,4198.315789473684,638144.0,1.8002093722950423
2023-12-17,42236.81,64128658.064254284,67305906902031.09,501869216.9650066,8.808333333333334,1.6647040599999998,570690.0,4112.053333333333,616808.0,2.8023471460581026
2023-12-18,41341.9,59706278.14765298,67305906902031.19,562093523.0008074,6.608333333333333,1.6657721190476187,715198.0,3815.095238095238,640936.0,1.390813871706264
2023-12-19,41264.8,62467181.336199895,67305906902031.164,542018754.3222071,6.725,1.6932824012345673,684666.0,4091.8518518518517,662880.0,1.1863395327374162
2023-12-20,42262.62,57630882.3453147,67305906902031.06,485140243.06617314,9.066666666666666,1.6639667448275859,659068.0,4017.2827586206895,582506.0,0.8015281132801639
2023-12-21,43639.9,59081092.58587713,67305906902031.07,488486037.84593976,9.275,1.7028045616438365,699086.0,4028.3356164383563,588137.0,1.3712284819586014
2023-12-22,43870.89,60254531.70180586,67305906902031.19,562093523.0008074,9.375,1.7013262500000004,772558.0,3723.3988095238096,625531.0,1.0403793796567262
2023-12-23,43996.78,53244333.618783,70449192118839.66,560327733.6667341,9.025,1.7698813437500003,683793.0,3802.99375,608479.0,2.215103687201184
2023-12-24,43742.33,56344289.0489318,72006146478567.25,612085087.5512694,6.383333333333334,1.7910904444444442,731313.0,4230.754385964912,723459.0,2.3172855374044525
2023-12-25,43013.46,45016232.312319785,72006146478567.08,497542848.9451839,9.6,1.8437250647482017,572121.0,3854.251798561151,535741.0,1.653963976373673
2023-12-26,43599.61,44429205.61532214,72006146478567.08,497542848.9451839,9.8,1.765703942446043,582914.0,3983.4028776978416,553693.0,0.7819378172819663
2023-12-27,42514.79,46783050.714829125,72006146478567.0,461748399.3807821,9.45,1.6756227054263566,647166.0,4229.116279069767,545556.0,0.6777355137616096
2023-12-28,43470.76,42422981.18148732,72006146478567.0,433112839.72926086,11.783333333333333,1.6997615454545456,593042.0,3447.7685950413224,417180.0,0.8510508147047311
2023-12-29,42609.23,49093691.46371118,72006146478567.16,540496188.4224659,10.066666666666666,1.6811392516556285,703116.0,3850.655629139073,581449.0,0.6517642658561901
2023-12-30,42086.22,49356320.35824165,72006146478567.12,519019518.6838249,9.616666666666667,1.6254269241379316,599027.0,3681.537931034483,533823.0,1.192006031031387
2023-12-31,42148.38,56442917.34532426,72006146478567.17,558393413.2046669,7.833333333333333,1.6993242948717966,690255.0,4688.147435897436,731351.0,0.9772436572986782
2024-01-01,42249.69,50875146.64536134,72006146478567.17,554813968.2482265,14.283333333333333,1.6536402903225809,624628.0,4243.561290322581,657752.0,1.6264401892742202
2024-01-02,44176.26,43517765.64175245,72006146478567.02,468907289.29366255,10.383333333333333,1.7184554809160302,550846.0,2803.961832061069,367319.0,0.6605803487001963
2024-01-03,44958.98,49942736.51560193,72006146478567.19,565552303.117547,9.108333333333334,1.7714657531645563,677059.0,3181.9556962025317,502749.0,0.8597042345814563
2024-01-04,42854.95,51742209.323741384,72006146478567.25,608505642.5948291,8.283333333333333,1.782401741176469,675009.0,2838.570588235294,482557.0,0.7655769549156135
2024-01-05,44190.1,42917989.38384478,72006146478567.08,493963403.98874366,8.333333333333334,1.7745511666666665,645934.0,3049.8840579710145,420884.0,0.7799652114144145
2024-01-06,44181.1,42219253.582897715,73146570446681.67,509059003.5142141,8.45,1.8479592000000018,572161.0,2729.5714285714284,382140.0,1.2014385149837925
2024-01-07,43975.63,35888603.51598232,73197634206448.0,429363547.6531167,10.991666666666667,1.776827237288136,510040.0,2954.9830508474574,348688.0,1.3961547616086485
2024-01-08,43928.07,40680377.09676569,73197634206448.0,447556918.3163843,12.333333333333334,1.6502389268292694,534011.0,3368.7723577235774,414359.0,0.7577918571508573
2024-01-09,46972.42,49538486.491604716,73197634206448.0,553078468.1633366,9.025,1.7541163026315794,618468.0,3079.5263157894738,468088.0,0.6773956293117434
2024-01-10,46143.31,41930208.961562425,73197634206448.0,483943659.64291966,8.833333333333334,1.7924143308270677,605995.0,2885.5187969924814,383774.0,0.48925343065545013
2024-01-11,46649.42,55090803.641925655,73197634206448.0,629490624.9490609,4.916666666666667,1.5768140982658962,664879.0,2595.809248554913,449075.0,0.5327163697602155
2024-01-12,46355.63,53989678.34155952,73197634206448.0,611297254.2857933,6.708333333333334,1.649432642857142,596693.0,2237.3333333333335,375872.0,0.38547892284138324
2024-01-13,42843.98,48673245.39783318,73197634206448.0,578549187.0919114,5.683333333333334,1.7330992641509446,715186.0,4103.666666666667,652483.0,1.7267710938855676
2024-01-14,42837.18,43605321.901035935,73197634206448.0,465750288.9796519,12.7,1.7433228750000005,616604.0,4623.484375,591806.0,1.6113173450132066
2024-01-15,41716.15,35351902.51078625,73197634206448.0,414808851.1225025,12.558333333333334,1.7309833771929821,568802.0,3583.3245614035086,408499.0,0.707530373630753
2024-01-16,42497.78,38834220.32375118,73197634206448.0,454834266.5816914,9.233333333333333,1.7053197200000003,569684.0,3760.976,470122.0,0.33975570863926624
2024-01-17,43132.4,36774948.19774859,73197634206448.0,440279570.0510773,11.0,1.7185003966942147,647470.0,3714.1735537190084,449415.0,0.359747407539995
2024-01-18,42742.78,42582217.75309462,73197634206448.0,516691726.83680135,10.229166666666668,1.7471369366197178,678147.0,3408.5704225352115,484017.0,0.4601059675829604
2024-01-19,41262.64,38173782.20108948,73197634206448.0,480304985.51026607,10.075,1.6686307272727272,627719.0,3490.628787878788,460763.0,0.42557578131964696
2024-01-20,41620.04,40838677.04548536,72219650984228.06,513378340.1866717,9.4,1.6923209300699298,656529.0,3939.377622377622,563331.0,1.4110110710935846
2024-01-21,41659.4,40129996.80070496,70343519904867.086,489551347.763542,11.241666666666667,1.6910784571428572,621585.0,4287.157142857143,600202.0,1.8036615405408476
2024-01-22,41557.6,44483822.24441322,70343519904867.2,559487254.5869052,8.433333333333334,1.7018461874999988,620801.0,2860.125,457620.0,0.47382861889544825
2024-01-23,39505.09,41501393.373973474,70343519904867.17,538506482.5398962,6.8,1.5379622142857143,600773.0,2392.6103896103896,368462.0,0.47923489148611337
2024-01-24,39856.34,39896278.22309834,70343519904867.15,524519301.1752236,8.850000000000001,1.7583796600000017,564400.0,2483.326666666667,372499.0,0.40511142416689183
2024-01-25,40068.49,48344552.33062511,70343519904867.29,632919956.7514365,6.883333333333334,1.6717768950276262,573766.0,1879.4917127071824,340188.0,0.5764745311824432
2024-01-26,39925.5,41750111.50718081,70343519904867.16,531512891.8575599,8.85,1.6317857565789478,683719.0,3244.8552631578946,493218.0,0.4279284152700708
2024-01-27,41813.44,47675471.29990798,70343519904867.25,597952003.3397549,7.0,1.740003567251463,718169.0,3493.8362573099416,597446.0,2.2856051431642284
2024-01-28,42124.31,45107620.53080758,70343519904867.2,559487254.5869052,7.308333333333334,1.7778224250000005,731738.0,3978.26875,636523.0,1.8683476550879954
2024-01-29,42030.81,43764851.71744079,70343519904867.18,545500073.2222326,8.508333333333333,1.7200927307692309,697324.0,3687.198717948718,575203.0,0.46112268999159217
2024-01-30,43274.65,41887695.838599674,70343519904867.11,503538529.1282147,9.541666666666668,1.6928412499999996,687547.0,3635.4791666666665,523509.0,0.40221075809234474
2024-01-31,42950.77,37948047.32824909,70343519904867.02,458080189.69302857,10.333333333333334,1.6789903740458019,622142.0,3392.7480916030536,444450.0,0.2850045061015835
2024-02-01,42557.22,43048043.6250182,70343519904867.164,535009687.19872814,9.05,1.7102868235294124,680097.0,2701.124183006536,413272.0,0.5946471621434075
2024-02-02,43061.16,53422971.55081713,72346611061723.23,676117474.0216229,6.2,1.702339218085107,691810.0,2285.808510638298,429732.0,0.9376248153565033
2024-02-03,43183.04,48887964.89018517,75502165623894.0,566738184.6284933,8.833333333333334,1.690524271523179,668270.0,3414.1655629139073,515539.0,2.4753911496097167
2024-02-04,42991.51,45783886.783488914,75502165623894.0,581751116.6716322,7.266666666666667,1.5829797483870964,539397.0,2169.1032258064515,336211.0,2.4216336850568756
2024-02-05,42576.16,45076244.44078093,75502165623894.0,585504349.682417,5.6,1.413415935897436,525379.0,1804.371794871795,281482.0,0.705548417923489
2024-02-06,42653.29,47917909.033910885,75502165623894.0,638049611.833403,5.091666666666667,1.3842028529411758,521338.0,1635.8411764705882,278093.0,0.702773465491932
2024-02-07,43080.9,47540598.549763575,75502165623894.0,600517281.7255559,8.0,1.5745710624999993,640781.0,2672.1125,427538.0,0.8136294198059586
2024-02-08,44318.84,42786545.164145045,75502165623894.0,517946155.488292,7.541666666666666,1.5233490144927535,547079.0,2065.949275362319,285101.0,0.6147526640036739
2024-02-09,45312.45,51030599.762858436,75502165623894.0,623036679.7902641,6.55,1.5931488795180717,615935.0,2012.55421686747,334084.0,0.6482808074639871
2024-02-10,47134.54,46943037.64336504,75502165623894.0,570491417.639278,8.525,1.6205409013157894,637411.0,2626.657894736842,399252.0,1.607496660788205
2024-02-11,47771.36,48789312.40784685,75502165623894.0,514192922.47750723,8.383333333333333,1.7990003138686137,558692.0,2408.306569343066,329938.0,1.4202672079581877
2024-02-12,48301.95,57764470.8403383,75502165623894.0,671828708.9304657,7.516666666666667,1.871392463687151,649038.0,2290.0055865921786,409911.0,0.607113117839776
2024-02-13,49958.35,44242861.69005214,75502165623894.0,506686456.4559378,8.633333333333333,1.7086642000000003,589286.0,2319.837037037037,313178.0,0.5176899010782152
2024-02-14,49739.24,47673442.25853746,75502165623894.0,521699388.49907666,9.3,2.2647838776978415,586548.0,2134.654676258993,296717.0,0.32192795316983125
2024-02-15,51821.86,53715187.405378364,77563331090797.1,605343973.9976323,7.108333333333333,2.080268356687898,612859.0,1931.8853503184714,303306.0,0.563314026601214
2024-02-16,51946.01,47283903.32749274,81725299822043.17,544386616.4219546,8.958333333333332,1.80796767164179,613011.0,2334.194029850746,312782.0,0.5092401111738707
2024-02-17,52172.07,49886963.26454996,81725299822043.25,609388003.457412,7.195833333333333,1.8489497933333325,590229.0,2184.7533333333336,327713.0,1.773874693201754
2024-02-18,51685.35,41074931.24964146,81725299822043.08,491572989.4556458,10.083333333333334,1.8481680413223147,563861.0,2838.1570247933882,343417.0,1.9081796633216952
2024-02-19,52128.57,45808218.64349052,81725299822043.17,552511789.8013868,8.5,1.692326639705883,617452.0,2691.970588235294,366108.0,0.9497054052949552
2024-02-20,51782.08,47322899.81340297,81725299822043.2,572824723.2499672,8.166666666666666,1.6876608510638293,638563.0,2816.2836879432625,397096.0,0.5853822409729629
2024-02-21,52269.58,46674931.29171306,81725299822043.19,560636963.180819,9.233333333333334,1.9931913768115945,630339.0,2680.789855072464,369949.0,0.5805820420032973
2024-02-22,51862.86,45627275.608025245,81725299822043.17,548449203.1116709,8.85,1.8127992222222216,642155.0,2704.3703703703704,365090.0,0.5142689257908871
2024-02-23,51303.43,53016307.2479841,81725299822043.3,645951283.6648567,8.583333333333334,1.717863805031447,679759.0,2573.6100628930817,409204.0,0.6715584187289588
2024-02-24,50727.66,45831218.69224145,81725299822043.19,556574376.491103,8.866666666666667,1.6377038248175175,591315.0,2484.810218978102,340419.0,1.3415812509872467
2024-02-25,51559.99,54200240.79129108,81725299822043.31,666264217.113437,7.5,1.8473714634146332,607478.0,2553.6646341463415,418801.0,2.319441728851415
2024-02-26,51727.76,46477960.251152866,81725299822043.16,540324029.7322387,10.666666666666666,1.7327646541353388,620435.0,2678.0751879699246,356184.0,0.5828795732717772
2024-02-27,54529.54,48126498.31303941,81725299822043.12,524073682.9733743,9.633333333333333,1.6648956201550391,674490.0,3004.6356589147285,387598.0,0.39096484065912385
2024-02-28,57075.01,59287809.13205337,81725299822043.25,605325416.7676959,7.9,1.8063194832214755,763915.0,2777.181208053691,413800.0,0.3351353216829632
2024-02-29,62498.79,56281732.801982574,81725299822043.16,540324029.7322387,10.033333333333333,1.6780438195488725,772702.0,3060.8270676691727,407090.0,0.35263018524425793
2024-03-01,61172.49,63104927.27289995,79428308380841.48,608054004.3789,8.666666666666668,1.715404292207792,771270.0,2722.6233766233768,419284.0,0.41639662196955124
2024-03-02,62437.0,51776059.72787791,79351228131136.9,500960510.12181586,9.616666666666667,1.7136079842519694,623680.0,2671.740157480315,339311.0,1.4812864220921145
2024-03-03,62033.66,63058947.8407899,79351228131136.75,611408496.6053661,8.666666666666666,1.934863903225805,633897.0,2486.7548387096776,385447.0,1.9855564177797547
2024-03-04,63168.4,58085233.07854189,79351228131136.9,508849652.01349825,9.433333333333334,1.7402033953488376,664743.0,2800.4496124031007,361258.0,0.39456644894373843
2024-03-05,68377.67,75940656.31789975,79351228131136.69,658743347.9554589,8.083333333333334,1.725852125748503,772888.0,2541.0,424347.0,0.39642356176803767
2024-03-06,63797.73,61907827.1921857,79351228131136.83,552239932.41775,8.991666666666667,1.7951747785714278,681667.0,2728.1,381934.0,0.3158761503557884
2024-03-07,66102.23,78496285.61822377,79351228131136.64,710022770.2513928,6.133333333333334,1.9001120777777771,714978.0,2424.133333333333,436344.0,0.5152389521277053
2024-03-08,66937.0,68298914.49705783,79351228131136.75,607463925.659525,7.95,1.7450101948051944,716770.0,2772.2597402597403,426928.0,0.45382434150345385
2024-03-09,68306.9,74825227.26763998,79351228131136.72,642965064.1720946,7.4,1.6144885521472396,632927.0,2202.6319018404906,359029.0,1.5904089326584092
2024-03-10,68499.42,64382576.39751776,79351228131136.81,564073645.2552733,8.833333333333334,1.715487839160839,627815.0,2574.7972027972028,368196.0,1.1183036377714688
2024-03-11,69026.97,78889620.04037066,79351228131136.69,670577060.7929822,6.991666666666667,1.7348717823529416,684136.0,2318.2235294117645,394098.0,0.43137415643377824
2024-03-12,72121.18,65796920.769616775,79351228131136.83,556184503.3635911,8.716666666666667,1.712962673758865,677201.0,2424.5886524822695,341867.0,0.40492111190125535
2024-03-13,71489.22,75123785.8016119,79351228131136.72,631131351.3345715,8.058333333333334,1.788118962500001,710767.0,2438.2375,390118.0,0.38039212033667585
2024-03-14,73094.37,65996346.708157614,82709090260024.77,579720256.0482558,7.85,1.6772899716312057,663447.0,2338.340425531915,329706.0,0.40235831127121224
2024-03-15,71394.36,57055498.61769609,83947913181362.0,529980321.6844611,10.083333333333334,1.6357194881889765,749328.0,2424.4409448818897,307904.0,0.39854041128877404
2024-03-16,69495.88,64039828.152366556,83947913181362.0,600922569.4689952,7.916666666666667,1.734020027777778,621787.0,2470.5555555555557,355760.0,1.4093643537567544
2024-03-17,65303.67,63714127.09892728,83947913181362.0,609268716.2671757,8.516666666666666,1.761533705479452,601779.0,2507.595890410959,366109.0,0.9674641453550805
2024-03-18,68358.87,64782009.90499135,83947913181362.0,600922569.4689952,8.95,1.773374631944444,673489.0,2890.7638888888887,416270.0,0.5428543087982325
2024-03-19,67601.19,66335356.25590292,83947913181362.0,655172523.6571684,7.783333333333333,1.7429394331210197,755218.0,2955.108280254777,463952.0,0.48495900350742455
2024-03-20,61919.44,61496810.484660126,83947913181362.0,621787936.4644464,7.833333333333333,1.8088867114093952,639266.0,2426.2751677852348,361515.0,0.5734348357655178
2024-03-21,67857.18,52650436.9853116,83947913181362.0,500768807.8908293,8.408333333333333,1.8498369416666658,611408.0,2730.35,327642.0,0.4699804581208585
2024-03-22,65493.16,57763066.570042595,83947913181362.0,563364908.877183,9.45,1.7486974592592586,679058.0,2515.0592592592593,339533.0,0.46554224870558375
2024-03-23,63795.46,67132158.05324538,83947913181362.0,650999450.2580782,6.158333333333333,1.786932961538461,622559.0,2093.653846153846,326610.0,1.1614255795401747
2024-03-24,64083.37,70611540.39952184,83947913181362.0,709422477.8453414,5.8,1.7357294470588216,566459.0,1950.1588235294118,331527.0,2.048926231815942
2024-03-25,67226.33,59244349.82163497,83947913181362.0,550845688.6799122,9.091666666666667,1.9138819242424245,623335.0,2402.0,317064.0,0.5478563996833028
2024-03-26,69962.76,61065374.79673613,83947913181362.0,559191835.4780927,8.108333333333334,2.0151781791044776,648004.0,2371.208955223881,317742.0,0.39547238178218286
2024-03-27,69991.48,61355577.38783222,83947913181362.0,567537982.2762733,8.116666666666667,1.8404302573529407,637151.0,2616.926470588235,355902.0,0.47801587244063726
2024-03-28,69446.79,69026805.74765356,83467245353210.45,630675249.3060845,7.416666666666667,1.6595177302631583,696012.0,2820.1973684210525,428670.0,0.5285645905515518
2024-03-29,70754.69,65030139.07199751,83126997340024.75,595046224.9834774,9.208333333333334,1.6907072361111106,659374.0,3120.9791666666665,449421.0,0.7183527054421134
2024-03-30,69909.85,69911455.80526887,83126997340024.7,640501144.9474928,8.066666666666666,1.8009004903225805,614851.0,3161.7548387096776,490072.0,1.4268622834627636
2024-03-31,69650.74,63236811.094294675,83126997340024.78,566120366.8245583,10.033333333333333,2.2927066058394168,546293.0,2333.394160583942,319675.0,1.560613036249232
2024-04-01,71331.84,67281578.10449564,83126997340024.72,619839817.691122,7.525,2.049854893333333,648777.0,2176.0666666666666,326410.0,0.5141607098762874
2024-04-02,69701.3,63780735.35077506,83126997340024.73,611575286.7885739,7.9750000000000005,1.8006774662162164,685496.0,2416.9527027027025,357709.0,0.5124206656019901
2024-04-03,65446.52,60472741.77505365,83126997340024.77,586781694.0809289,9.241666666666667,1.7591550845070416,714141.0,2626.605633802817,372978.0,0.5238929895706179
2024-04-04,65983.59,60862190.09987233,83126997340024.78,570252632.2758324,8.641666666666666,1.7245853695652165,655509.0,2323.2391304347825,320607.0,0.5708867034404528
2024-04-05,68526.59,63802894.67461135,83126997340024.73,611575286.7885739,7.324999999999999,1.7816746418918925,643705.0,2355.6554054054054,348637.0,0.804794120381461
2024-04-06,67857.42,67120728.4404542,83126997340024.7,640501144.9474928,7.966666666666667,1.7226046580645153,673290.0,2797.3612903225808,433591.0,1.3355249053309026
2024-04-07,68909.59,75192006.26475267,83126997340024.64,702485126.7166051,7.241666666666667,1.884625364705884,652726.0,3094.8823529411766,526130.0,1.5002970049934294
2024-04-08,69373.69,72584586.6894471,83126997340024.69,652897941.3013152,8.675,1.9378595696202539,685180.0,2883.6518987341774,455617.0,0.6356706027720087
2024-04-09,71645.91,67373619.40642908,83126997340024.73,603310755.8860255,8.600000000000001,1.8030561095890407,683771.0,3108.294520547945,453811.0,0.6158708511284553
2024-04-10,69141.75,71054532.68350925,83450993523979.81,626404079.729565,10.316666666666666,1.7193999999999994,703704.0,3516.9139072847684,531054.0,0.818675375029885
2024-04-11,70561.73,65559919.89630068,86388558925171.22,566860609.5352726,11.183333333333334,1.7256640530303038,631803.0,3607.8863636363635,476241.0,0.7657927099060889
2024-04-12,70035.8,70825577.10394244,86388558925171.23,584038203.763614,10.616666666666667,1.7724817794117642,683741.0,3297.7132352941176,448489.0,0.7569113087564877
2024-04-13,67198.84,76211932.38547996,86388558925171.36,704281363.3620051,8.458333333333334,1.853496408536585,683432.0,3092.518292682927,507173.0,1.2272351362244525
2024-04-14,64019.74,67955125.97572012,86388558925171.34,674220573.4624075,9.3,1.9331880955414018,665693.0,3014.828025477707,473328.0,1.3580168710938363
2024-04-15,65734.62,70442667.80740799,86388558925171.27,605510196.549041,8.916666666666666,1.686045219858155,666015.0,3569.9148936170213,503358.0,0.6094003619929381
2024-04-16,63435.81,71877767.00329177,86388558925171.38,708575761.9190906,8.183333333333334,1.936371860606061,743368.0,2755.569696969697,454669.0,0.6728776620767594
2024-04-17,63820.92,61150117.08218653,86388558925171.23,588332602.3206996,10.133333333333333,2.018377401459854,661886.0,2814.6423357664235,385606.0,0.7142278724589288
2024-04-18,61280.51,65075293.924565785,86388558925171.28,622687790.7773827,9.375,1.9263953862068963,670913.0,2883.4137931034484,418095.0,0.5274933073329606
2024-04-19,63507.69,71037817.02949977,86388558925171.31,648454182.1198951,8.016666666666667,1.7760530463576158,727141.0,2603.907284768212,393190.0,0.7493493234026558
2024-04-20,63823.55,107755899.72006707,86388558925171.2,558271812.4211017,14.991666666666667,1.452106761538461,455683.0,4853.8538461538465,631001.0,5.826059784533574
2024-04-21,64991.71,50811252.45242319,86388558925171.25,601215797.9919556,11.3,1.4780855357142864,484762.0,4583.342857142857,641668.0,2.0841769189023482
2024-04-22,64949.79,48173660.1556612,86388558925171.31,652748580.6769805,8.283333333333335,1.5226677697368423,534717.0,4419.546052631579,671771.0,0.6567167662269674
2024-04-23,66844.74,65639395.803807706,86388558925171.38,721458957.5903468,7.775,1.4325509345238092,441797.0,5517.916666666667,927010.0,0.9034035225441597
2024-04-24,66416.37,48915600.66247102,87185497750595.1,671772263.1512126,10.316666666666666,1.5689909419354835,632356.0,3914.277419354839,606713.0,0.6392162470937727
2024-04-25,64271.73,36409098.09254012,88104191118792.72,630674365.8262494,8.316666666666666,1.5657279722222228,633650.0,3654.4583333333335,526242.0,0.5366207856692243
2024-04-26,64486.29,32499040.936198883,88104191118792.78,578118168.6740619,8.325,1.5762955984848483,664327.0,3351.1136363636365,442347.0,0.4302136567642969
2024-04-27,63749.7,31619688.840946402,88104191118792.75,613155633.4421867,9.608333333333334,1.5567707142857137,673970.0,3235.4785714285713,452967.0,0.9719265762343705
2024-04-28,63420.25,31312027.141232885,88104191118792.75,613155633.4421867,10.608333333333334,1.6641852999999998,509501.0,3482.292857142857,487521.0,0.8831263372657562
2024-04-29,63112.69,29423593.585137557,88104191118792.8,573738485.5780463,8.966666666666667,1.6545935343511455,603796.0,3076.8244274809163,403064.0,0.5075896076673383
2024-04-30,63832.72,30170492.23089294,88104191118792.73,617535316.5382024,9.316666666666666,1.5915449503546097,635509.0,3532.517730496454,498085.0,0.3240754414174404
2024-05-01,60603.04,26377886.0344961,88104191118792.78,578118168.6740619,10.533333333333333,1.6143356212121212,587665.0,3627.8863636363635,478881.0,0.3022982000862735
2024-05-02,58268.36,28934123.907706067,88104191118792.72,635054048.9222649,8.7,1.6322128344827578,528151.0,3860.958620689655,559839.0,0.33835714304203757
2024-05-03,59120.4,26547169.042081006,88104191118792.81,564979119.3860149,10.55,1.6088620620155043,537019.0,3432.108527131783,442742.0,0.4873146414056735
2024-05-04,62885.27,30920333.825437855,88104191118792.73,617535316.5382024,9.483333333333333,1.4929564609929076,473521.0,4682.7163120567375,660263.0,1.2196041074132875
2024-05-05,63901.84,35681540.38259586,88104191118792.75,608775950.3461711,10.283333333333333,1.4613777050359713,429326.0,4503.582733812949,625998.0,2.2115105755155207
2024-05-06,64045.15,27451699.523492247,88104191118792.86,534321337.7139056,11.175,1.5617405901639343,466177.0,4260.795081967213,519817.0,0.49990423404633444
2024-05-07,63157.69,26542339.523751885,88104191118792.86,534321337.7139056,10.25,1.7684268278688529,495831.0,3054.4508196721313,372643.0,0.5570767868945126
2024-05-08,62323.38,26652066.044506725,88104191118792.81,556219753.1939834,12.983333333333333,1.7020589055118123,514675.0,3550.047244094488,450856.0,0.5522322215775938
2024-05-09,61182.24,29938747.98728028,85164867739885.7,613867438.0566123,9.15,1.8395270965517236,513026.0,3566.848275862069,517193.0,0.6439348267205098
2024-05-10,63066.69,30606208.36564269,83148355189240.0,599332437.5790136,8.983333333333333,1.5388563793103438,474605.0,4922.696551724138,713791.0,0.735597150860847
2024-05-11,60794.09,32554247.885671068,83148355189240.0,657199017.7590562,9.866666666666667,1.6065006289308175,445747.0,4523.937106918239,719306.0,1.6367039793578044
2024-05-12,60805.78,27399423.294996757,83148355189240.0,545599184.5546882,10.316666666666666,1.7265135454545448,377543.0,4220.939393939394,557164.0,1.4565183037188552
2024-05-13,61448.99,30355615.83455146,83148355189240.0,607599091.8904481,11.316666666666666,1.648835653061224,466123.0,3774.013605442177,554780.0,0.5270688007437974
2024-05-14,62913.71,27735381.41456481,83148355189240.0,562132493.1775575,9.241666666666667,1.6161000147058817,458041.0,3103.2573529411766,422043.0,0.5118685754399152
2024-05-15,61557.4,29511955.524139453,83148355189240.0,582799128.9561441,9.566666666666666,1.6269408581560276,516619.0,3496.5390070921985,493012.0,0.3687226379810877
2024-05-16,66239.13,30728214.692413032,83148355189240.0,586932456.1118613,9.925,1.6284132676056338,494221.0,3356.7535211267605,476659.0,0.43272448157234444
2024-05-17,65231.59,35324406.77125815,83148355189240.0,640665709.1361867,8.85,1.5331870645161287,514199.0,3699.9483870967742,573492.0,0.4508373208445281
2024-05-18,67060.24,28438160.460786633,83148355189240.0,529065875.9318188,5.433333333333334,1.4535821249999996,434371.0,3134.875,401264.0,1.210512387442022
2024-05-19,66926.54,34160984.651538335,83148355189240.0,636532381.9804695,2.583333333333333,1.583084435064935,405155.0,4182.590909090909,644119.0,1.1385756729741787
2024-05-20,66266.07,34153349.86327814,83148355189240.0,644799036.2919042,7.333333333333334,1.7674085897435896,482108.0,4019.198717948718,626995.0,0.48632570308718037
2024-05-21,71442.94,32892686.805258278,83148355189240.0,570399147.4889922,11.316666666666666,1.6516070289855074,508542.0,3949.572463768116,545041.0,0.2978010345507073
2024-05-22,70139.6,38917719.969275184,83148355189240.0,632399054.8247522,9.55,1.660516326797386,491272.0,3812.281045751634,583279.0,0.4737816439297554
2024-05-23,69133.73,39242392.129105315,84060416283612.4,706194547.0096976,8.683333333333334,1.5842213905325435,533345.0,4406.869822485207,744761.0,0.43156953037310597
2024-05-24,67942.23,36019989.098269254,84381461788831.33,671140034.7624127,8.425,1.6429644687500002,483309.0,4602.74375,736439.0,0.4412685816711075
2024-05-25,68531.76,35951527.47094528,84381461788831.33,671140034.7624127,10.316666666666666,1.5662918812500002,465497.0,5219.0,835040.0,1.782739535960344
2024-05-26,69272.7,38481434.68217408,84381461788831.36,704697036.5005332,9.858333333333334,1.6659022619047608,403848.0,5075.327380952381,852655.0,1.1396578167114801
2024-05-27,68486.54,28585797.2530652,84381461788831.12,515938901.7236049,12.4,1.5982980569105687,430424.0,4484.634146341464,551610.0,0.7602644772967629
2024-05-28,69374.17,29815772.688825298,84381461788831.19,562079779.1135205,11.475,1.5725311268656719,448181.0,4453.6567164179105,596790.0,0.11866431859023716
2024-05-29,68289.6,32226288.58526037,84381461788831.22,574663654.7653158,10.85,1.5050856715328471,449070.0,5295.094890510949,725428.0,0.5044312569565792
2024-05-30,67573.91,28767073.21231229,84381461788831.12,515938901.7236049,12.583333333333334,1.519309162601626,499634.0,4149.731707317073,510417.0,0.3388750020751062
2024-05-31,68352.44,36161250.32432566,84381461788831.27,620804532.1552316,9.875,1.4963447635135139,528690.0,4739.668918918919,701471.0,0.39315088178999186
2024-06-01,67484.93,32832191.95954163,84381461788831.23,591442155.634376,10.866666666666667,1.501787468085106,449639.0,5248.439716312057,740030.0,1.6132393470553805
2024-06-02,67719.29,32078183.185947884,84381461788831.23,587247530.4171109,9.925,1.5169477714285724,393004.0,5208.585714285714,729202.0,1.956933298581896
2024-06-03,67752.27,36823366.331727035,84381461788831.31,658556159.1106174,9.933333333333334,1.5421512038216565,482689.0,4899.515923566879,769224.0,0.3598973403408913
2024-06-04,68803.11,32048553.89609153,84381461788831.19,562079779.1135205,11.399999999999999,1.5753560149253734,492874.0,4686.417910447762,627980.0,0.39569020744883476
2024-06-05,70553.24,31319807.03715118,84381461788831.12,515938901.7236049,9.5,1.5443658292682925,460473.0,4569.504065040651,562049.0,0.31411744553453763
2024-06-06,71083.68,34202196.12308967,83931592439295.94,554910858.050012,9.583333333333334,1.5845005939849621,476121.0,4612.571428571428,613472.0,0.45202393627734233
2024-06-07,70764.24,53491882.961922884,83716654861184.77,590944002.9609013,6.741666666666667,1.328911873239437,468301.0,1859.0281690140846,263982.0,0.5913249228104592
2024-06-08,69331.66,48119315.7163209,83716654861184.62,715791327.5301057,9.991666666666667,1.4258036627906978,599175.0,2964.6918604651164,509927.0,1.5984527577973264
2024-06-09,69297.93,38340669.02081185,83716654861184.7,636721355.302943,9.55,1.533861274509804,479357.0,5019.084967320261,767920.0,2.825930017681436
2024-06-10,69645.28,34813178.82369563,83716654861184.78,578459270.5039809,11.683333333333334,1.5598734244604306,473053.0,4734.079136690648,658037.0,0.4922932192412189
2024-06-11,69513.23,28949556.468733203,83716654861184.88,511874030.7337383,12.033333333333333,1.5732289105691053,485989.0,3770.2195121951218,463737.0,0.3487553656574548
2024-06-12,67332.0,34256016.743545815,83716654861184.73,607590312.9034619,9.858333333333334,1.55141256849315,483313.0,4729.86301369863,690560.0,0.4285622602785972
2024-06-13,68239.79,34852983.52192254,83716654861184.75,603428735.4178218,11.05,1.5501268482758623,469602.0,5043.131034482759,731254.0,0.639799969396911
2024-06-14,66757.59,30591674.79776996,83716654861184.84,532681918.1619392,12.491666666666667,1.4722452656249998,475827.0,4721.4765625,604349.0,0.3946257362443527
2024-06-15,65993.49,31162127.595971256,83716654861184.81,557651383.07578,12.325,1.4738273358208949,426024.0,3380.186567164179,452945.0,1.4275636638292986
2024-06-16,66188.17,36292992.32953328,83716654861184.66,678337130.1593444,6.566666666666666,1.572709165644172,410934.0,2832.8098159509204,461748.0,2.3010391293173185
2024-06-17,66636.85,31186107.538808763,83716654861184.77,582620847.9896209,8.491666666666667,1.5872569428571428,433551.0,3151.535714285714,441215.0,0.479421615121854
2024-06-18,66480.82,33485505.869520124,83716654861184.7,632559777.8173028,8.491666666666667,1.5836148289473686,484883.0,4060.5394736842104,617202.0,0.4112454902406993
2024-06-19,65148.41,30061986.735367663,83716654861184.78,570136115.5327007,9.7,1.6080518759124085,459862.0,4631.78102189781,634554.0,0.7167365843785991
2024-06-20,64960.21,30201406.01449225,83691445854747.97,553323137.1046984,10.758333333333333,1.6200196090225556,465205.0,4005.684210526316,532756.0,0.43786349949096176
2024-06-21,64830.29,29925254.56328548,83675262295060.0,582332779.002438,10.433333333333334,1.614444571428572,514658.0,4234.592857142857,592843.0,0.5124392073492936
2024-06-22,64095.5,32753923.28446876,83675262295060.0,632247017.2026471,10.475,1.6139125855263152,456727.0,4483.026315789473,681420.0,0.6019498873675393
2024-06-23,64251.26,23464996.032867584,83675262295060.0,465866223.2019504,13.166666666666668,1.6591048660714283,358420.0,4396.0,492352.0,1.5855380697112715
2024-06-24,63167.3,31298137.189054944,83675262295060.0,632247017.2026471,11.075,1.6085714473684203,456565.0,3475.8289473684213,528326.0,0.3397544963894992
2024-06-25,60279.54,25133580.118261546,83675262295060.0,515780461.4021594,12.058333333333334,1.5685320645161285,441214.0,4325.379032258064,536347.0,0.3162990257837803
2024-06-26,61795.24,24985793.043253995,83675262295060.0,503301901.8521072,13.866666666666667,1.6195580165289254,476277.0,4056.3388429752067,490817.0,0.3820506292292448
2024-06-27,60808.17,26857887.760584537,83675262295060.0,540737580.5022639,10.241666666666667,1.6669941153846162,501018.0,3189.4153846153845,414624.0,0.25419726513078994
2024-06-28,61616.04,27387262.889348183,83675262295060.0,561535179.7523509,10.183333333333334,1.6269656592592592,562499.0,4399.881481481481,593984.0,0.3274872259517548
2024-06-29,60315.67,30942499.76544558,83675262295060.0,653044616.4527341,9.233333333333333,1.6387906496815285,502873.0,4536.617834394904,712249.0,1.1959754392946296
2024-06-30,60871.03,24120051.873250388,83675262295060.0,503301901.8521072,10.833333333333334,1.5879476611570247,465981.0,4174.603305785124,505127.0,
2024-07-01,62676.36,29429485.801967986,83675262295060.0,586492298.8524554,9.733333333333333,1.6537716524822694,650451.0,4333.77304964539,611062.0,0.40658500917411
2024-07-02,62845.12,30046122.863910675,83675262295060.0,615608937.8025774,12.2,1.6382458175675663,511492.0,4001.925675675676,592285.0,0.5721454386770122
2024-07-03,62028.38,29705029.940610602,83675262295060.0,603130378.2525251,10.966666666666667,1.6488930965517232,503996.0,3758.9241379310347,545044.0,0.5273184096171941
2024-07-04,60145.84,26605753.728588175,83675262295060.0,582332779.002438,11.008333333333333,1.5402780857142861,487582.0,3843.55,538097.0,0.29986740095611825
2024-07-05,57034.05,22301675.55097078,80082477459597.12,481691507.2021622,15.366666666666667,1.5924181322314042,510689.0,4054.0247933884298,490537.0,0.13062820363898728
2024-07-06,56648.56,31130289.064456522,79495195323031.3,652035052.9717106,9.8,1.5184160121212114,461755.0,3988.133333333333,658042.0,0.9892960130948905
2024-07-07,58265.25,26070247.73877693,79495195323031.17,557193590.72128,10.916666666666666,1.5714191276595744,417263.0,4778.382978723404,673752.0,1.1441570164686055
2024-07-08,55848.73,28821766.3890455,79495195323031.27,628324687.409103,8.283333333333333,1.6093622012578623,534832.0,3729.622641509434,593010.0,0.2692864962548465
2024-07-09,56706.26,28449925.860777948,79495195323031.25,608566049.4402633,10.716666666666667,1.5649307142857143,499299.0,4246.993506493506,654037.0,0.3593427621507908
2024-07-10,58011.47,25685789.998779457,79495195323031.14,537434952.7524403,12.608333333333334,1.550128764705882,460604.0,4645.183823529412,631745.0,0.3111768916284728
2024-07-11,57743.11,26146374.020168208,79495195323031.17,553241863.127512,11.966666666666667,1.5906161785714292,487442.0,4586.185714285714,642066.0,0.36358089560128504
2024-07-12,57351.64,28054420.058989383,79495195323031.23,592759139.0651915,9.55,1.5721853666666672,486027.0,4389.033333333334,658355.0,0.3810530848297109
2024-07-13,57907.93,30099376.59774986,79495195323031.25,608566049.4402633,9.7,1.557888032467532,418214.0,4777.181818181818,735686.0,1.0900937733555118
2024-07-14,59231.12,32595709.496098205,79495195323031.31,659938508.1592464,9.6,1.6551219041916163,440649.0,3512.263473053892,586548.0,1.9591051650639755
2024-07-15,60798.16,30910692.54422916,79495195323031.23,604614321.8464954,8.783333333333333,1.63372854248366,482490.0,3613.732026143791,552901.0,0.3495135635693197
2024-07-16,64859.79,30723152.21640699,79495195323031.2,580903956.2838876,8.65,1.5783363129251688,492843.0,3599.0204081632655,529056.0,0.24683220391000785
2024-07-17,65077.23,33282763.029105972,79495195323031.27,628324687.409103,9.366666666666667,1.6037711446540888,476281.0,3873.396226415094,615870.0,0.4300383167526979
2024-07-18,64104.91,26595779.884649936,80326252623417.58,515102118.23597115,12.033333333333333,1.6533775271317823,481360.0,3454.062015503876,445574.0,0.39503733527559287
2024-07-19,63968.61,31188257.506723937,82047728459932.77,599556361.5235602,10.45,1.5824888707482991,510414.0,3455.374149659864,507940.0,0.36570244918399863
2024-07-20,66712.66,35576298.58516339,82047728459932.67,672971426.1999145,8.35,1.6002470060606067,444989.0,4123.242424242424,680335.0,0.988509999841498
2024-07-21,67164.74,36593236.63656708,82047728459932.66,689285885.0168821,9.55,1.5801124852070998,412253.0,5086.5621301775145,859629.0,1.4632338101266806
2024-07-22,68155.67,40503193.649326466,82047728459932.62,730072032.0593011,9.983333333333333,1.5991605754189941,504554.0,4608.932960893855,824999.0,0.4168033384044782
2024-07-23,67597.26,36418067.23043895,82047728459932.66,689285885.0168821,11.65,1.591590289940827,480641.0,4964.360946745562,838977.0,0.25089903717202056
2024-07-24,65920.76,30030873.28241354,82047728459932.8,571006058.5938667,9.508333333333333,1.6064718928571426,484767.0,4260.414285714286,596458.0,0.3357819546475878
2024-07-25,65357.71,33681498.18421587,82047728459932.69,664814196.7914306,9.25,1.5924451963190178,529053.0,4415.40490797546,719711.0,0.42810325064940913
2024-07-26,65790.91,34769098.691780806,82047728459932.7,652578352.6787051,6.608333333333333,1.7724345937500001,529294.0,2869.16875,459067.0,0.47419924851464584
2024-07-27,67914.86,33621812.77255944,82047728459932.73,628106664.4532535,8.533333333333333,1.7683435324675314,508959.0,2894.3506493506493,445730.0,0.7942831422239459
2024-07-28,67826.14,32416704.844024707,82047728459932.75,603634976.227802,11.75,1.628477418918919,431944.0,5092.5878378378375,753703.0,1.1712520785820644
2024-07-29,68257.42,40280474.14703804,82047728459932.62,725993417.3550591,9.058333333333334,1.62134443258427,543529.0,4641.1741573033705,826129.0,0.406764194758017
2024-07-30,66777.36,31830629.065246847,82047728459932.75,611792205.6362859,10.208333333333332,1.7270328400000001,500916.0,4553.973333333333,683096.0,0.2105285989638082
2024-07-31,66180.0,29878304.716119498,87487947532070.14,613215974.0238556,11.983333333333333,1.6711334255319155,542141.0,3991.624113475177,562819.0,0.311142495185715
2024-08-01,64621.73,29941720.637247816,90666502495566.0,630987879.9602102,11.483333333333334,1.647649085714286,550192.0,3888.785714285714,544430.0,0.3671453294827827
2024-08-02,65297.77,25639623.020384252,90666502495566.0,563382035.6787592,11.183333333333334,1.623253176,531291.0,3280.904,410113.0,0.26138166653680434
2024-08-03,61410.11,26794833.618947934,90666502495566.0,608452598.53306,11.066666666666666,1.6300105629629633,490026.0,3733.7925925925924,504062.0,1.160899147528429
2024-08-04,60676.68,27703218.71189708,90666502495566.0,644509048.8165007,10.308333333333334,1.5864102167832166,451025.0,3668.4965034965035,524595.0,0.800463036617297
2024-08-05,58116.46,26644591.438730378,90666502495566.0,703100780.5270916,8.908333333333333,1.6355677692307693,572484.0,3518.3141025641025,548857.0,0.20127755624046792
2024-08-06,53978.78,24947450.301382836,90666502495566.0,630987879.9602102,9.641666666666666,1.6217257785714287,502085.0,3465.5214285714287,485173.0,0.36641985129073873
2024-08-07,56082.71,24061710.957340345,90666502495566.0,549860866.8224689,9.541666666666668,1.6427921721311478,483579.0,3115.5491803278687,380097.0,0.30481585316110554
2024-08-08,55033.47,24746427.922946204,90666502495566.0,581410260.8204794,13.766666666666667,1.585968031007752,541524.0,3778.2868217054265,487399.0,0.3787915278765249
2024-08-09,61698.9,25226758.914557975,90666502495566.0,585917317.1059096,11.941666666666666,1.8428254230769232,505594.0,3049.376923076923,396419.0,0.31928353659051556
2024-08-10,60879.41,24917672.54543788,90666502495566.0,581410260.8204794,12.983333333333333,1.6057187596899232,449194.0,4254.085271317829,548777.0,0.6498270285181511
2024-08-11,60943.19,31274508.810764223,90666502495566.0,725636061.954242,10.733333333333333,1.5411615900621116,407547.0,4005.055900621118,644814.0,1.998096443096133
2024-08-12,58717.0,25788167.68871333,90666502495566.0,617466711.1039201,11.583333333333334,1.6727004306569342,459444.0,3284.8467153284673,450024.0,0.4191155283883753
2024-08-13,59350.07,28725350.5092765,90666502495566.0,671551386.529081,11.033333333333333,1.6035235436241613,499256.0,3890.0536912751677,579618.0,0.40175329857533654
2024-08-14,60600.35,25374791.768216494,90637752282067.48,594742777.8026003,11.504166666666666,1.626691075757575,514603.0,3823.492424242424,504701.0,0.3630784020791158
2024-08-15,58727.43,30178079.4854486,86871474313762.0,690944705.8016886,11.55,1.571723850000001,517110.0,4130.775,660924.0,0.5597283512672625
2024-08-16,57523.47,26519144.89827162,86871474313762.0,613213426.3989986,10.033333333333333,1.61170576056338,541657.0,4055.007042253521,575811.0,0.6314344876109834
2024-08-17,58886.74,28078460.501293756,86871474313762.0,643442257.2778225,12.733333333333333,1.565858899328859,468048.0,4715.03355704698,702540.0,1.508793161326855
2024-08-18,59483.03,29963139.508225396,86871474313762.0,673671088.1566465,12.8625,1.6788531410256415,431177.0,4933.98717948718,769702.0,1.626658096158429
2024-08-19,58445.98,24384186.539100166,86871474313762.0,561392573.463872,13.058333333333334,1.6723899615384612,479794.0,4256.876923076923,553394.0,0.3863142049294656
2024-08-20,59475.91,28878023.561539512,86871474313762.0,647760661.689083,12.191666666666666,1.6206142000000001,522795.0,4782.246666666667,717337.0,0.5475227465700242
2024-08-21,59024.54,28080429.310788065,86871474313762.0,634805448.4553014,9.433333333333334,1.6009967414965989,528523.0,4678.1292517006805,687685.0,0.5125129987302163
2024-08-22,61170.43,36484622.08943517,86871474313762.0,690944705.8016886,11.933333333333334,1.5881395374999996,529070.0,4969.3875,795102.0,0.6312402852740238
2024-08-23,60382.01,32232355.760426287,86871474313762.0,708218323.4467307,10.108333333333334,1.641721115853659,531334.0,4877.067073170731,799839.0,0.4143213390792579
2024-08-24,64082.05,31977631.277370874,86871474313762.0,660715874.9228647,12.55,1.598629601307189,465477.0,5192.026143790849,794380.0,0.39518114794421655
2024-08-25,64174.59,27138221.863811824,86871474313762.0,574347786.6976537,13.2,1.613048879699248,410926.0,5307.0526315789475,705838.0,1.5944593696882454
2024-08-26,64327.86,27674781.48507304,86871474313762.0,578666191.1089141,11.708333333333332,1.669892850746268,467689.0,4483.0,600722.0,0.45350887221423963
2024-08-27,62857.78,28461613.063088853,86871474313762.0,613213426.3989986,11.916666666666666,1.6085227253521124,500316.0,4745.147887323944,673811.0,0.2960622776037233
2024-08-28,59466.82,30760746.125384457,87937390901164.8,703794017.3679069,11.2,1.659849173913043,507535.0,4556.086956521739,733530.0,0.4638054101265906
2024-08-29,59024.11,25532872.340284314,89471664776971.25,587091196.5963086,11.208333333333332,1.602930333333333,537264.0,3972.439393939394,524362.0,0.39920204560729466
2024-08-30,59389.34,26777389.05608681,89471664776971.3,631567802.399059,14.5,1.6535853239436622,572225.0,3817.612676056338,542101.0,0.36449873266743826
2024-08-31,59108.23,27970511.075326372,89471664776971.31,653806105.3004345,11.916666666666666,1.6235229795918367,500461.0,4775.183673469388,701952.0,1.2754291275406935
2024-09-01,58968.91,26315865.6573048,89471664776971.3,631567802.399059,11.483333333333334,1.6964841830985913,474746.0,4590.640845070423,651871.0,0.9937968498263775
2024-09-02,57322.52,31261759.40518042,89471664776971.4,742759316.9059358,10.583333333333334,1.7305031497005996,497761.0,4520.383233532934,754904.0,1.0082205217765512
2024-09-03,59113.65,27866937.66663015,89471664776971.33,662701426.4609846,12.45,1.7526985771812091,532190.0,3911.0805369127515,582751.0,0.46346874387190456
2024-09-04,57430.23,27898460.763741877,89471664776971.34,671596747.6215348,15.083333333333334,1.6555278940397355,517981.0,4786.3311258278145,722736.0,0.48102495057577915
2024-09-05,57966.79,28611563.22602556,89471664776971.36,689387389.9426349,12.933333333333334,1.6668929354838717,539154.0,4653.232258064516,721251.0,0.46457447792674567
2024-09-06,56165.32,25917996.827483136,89471664776971.31,644910784.1398844,15.125,1.6243628896551732,541499.0,4601.841379310345,667267.0,0.366887844786291
2024-09-07,53951.72,27552792.156600785,89471664776971.36,702730371.68346,12.566666666666666,1.634313088607595,467697.0,4945.734177215189,781426.0,1.8134750349463282
2024-09-08,54158.39,29124604.180054624,89471664776971.4,742759316.9059358,10.616666666666667,1.6572379640718555,443983.0,5449.5988023952095,910083.0,1.6326141637155926
2024-09-09,54857.17,26363933.229368545,89471664776971.31,644910784.1398844,10.766666666666667,1.6977459310344822,484357.0,3947.5724137931034,572398.0,0.41431079998539816
2024-09-10,57055.68,25238263.505764067,89471664776971.27,609329499.4976839,13.366666666666667,1.6184734306569344,496236.0,4150.58394160584,568630.0,0.44584103651727025
2024-09-11,57636.19,19599003.467874914,92286401734175.08,495458846.64224994,13.058333333333334,1.6362137314814822,485718.0,3809.277777777778,411402.0,0.3922522313909928
2024-09-12,57345.38,28445745.72975443,92671576265160.66,700222814.5578787,11.133333333333333,1.562302078947368,543579.0,3707.375,563521.0,0.5611593853806015
2024-09-13,58136.5,23035281.81937533,92671576265160.81,566627672.3067043,11.483333333333333,1.648040325203252,541521.0,3406.8861788617887,419047.0,0.311655697829344
2024-09-14,60565.91,26924773.978994336,92671576265160.72,640335336.9970075,14.766666666666667,1.6661516618705032,497081.0,4597.043165467626,638989.0,1.195674247886867
2024-09-15,60004.02,28778640.08225594,92671576265160.66,695616085.5147347,11.2,1.6275773178807944,450094.0,4718.3708609271525,712474.0,1.847872923263237
2024-09-16,59136.83,23610937.617898855,92671576265160.8,575841130.3929921,12.1,1.6753117120000005,508716.0,4036.32,504540.0,0.4188623391994308
2024-09-17,58194.98,29847118.119728208,92671576265160.67,691009356.4715909,10.958333333333334,1.850085773333334,512792.0,3594.0866666666666,539113.0,0.49912667045346554
2024-09-18,60304.22,26402877.29540046,92671576265160.72,635728607.9538636,11.95,1.673340188405796,503606.0,3923.7391304347825,541476.0,0.37539196531492924
2024-09-19,61683.91,24968850.56564683,92671576265160.81,562020943.2635604,13.133333333333333,1.6243991065573766,534707.0,3735.3032786885246,455707.0,0.3027876995451841
2024-09-20,62938.2,29297347.49947946,92671576265160.69,667975711.255871,12.5,1.661256979310346,555435.0,3630.2758620689656,526390.0,0.25736612735048275
2024-09-21,63213.19,27029898.398331784,92671576265160.73,621908420.8244318,10.766666666666667,1.6540056296296284,487325.0,4129.214814814814,557444.0,1.3956293638824104
2024-09-22,63377.01,27131378.855479404,92671576265160.73,626515149.8675756,12.441666666666666,1.651272705882354,439610.0,4619.338235294118,628230.0,1.729602596446211
2024-09-23,63626.42,29543659.11037773,92671576265160.69,672582440.299015,9.591666666666667,1.6690879452054797,518528.0,3973.301369863014,580102.0,0.4220086721089044
2024-09-24,63330.79,31290121.05365632,92671576265160.69,667975711.255871,10.1,1.7281195793103457,517079.0,3670.4827586206898,532220.0,0.36522080017231684
2024-09-25,64279.04,29194578.328504972,91782581703877.36,657005311.2676694,9.595833333333333,1.7149650138888892,513256.0,3496.25,503460.0,0.35765814343076735
2024-09-26,63138.8,27504637.734074116,88404402371000.0,571298868.1801282,9.55,1.5977361153846161,515965.0,3652.0461538461536,474766.0,0.38691621583640523
2024-09-27,65179.96,29299201.002719067,88404402371000.0,602061114.928289,9.683333333333334,1.736522875912409,549045.0,3297.2481751824816,451723.0,0.3425029513809964
2024-09-28,65781.65,27651721.876248162,88404402371000.0,566904261.5018196,10.116666666666667,1.7755218372093031,477266.0,3935.7131782945735,507707.0,1.1686637881893711
2024-09-29,65888.5,32394943.423457727,88404402371000.0,681164035.1378452,10.95,1.6417966709677414,462111.0,4435.012903225806,687427.0,1.9567382483667684
2024-09-30,65620.59,27958492.500597544,88404402371000.0,602061114.928289,11.966666666666667,1.637883576642336,513555.0,4337.401459854014,594224.0,0.2580546587225393
2024-10-01,63323.53,31840978.55680005,88404402371000.0,689953248.4944626,10.8,1.6122386305732481,626337.0,4031.171974522293,632894.0,0.3904607280850116
2024-10-02,60838.74,31329411.523052048,88404402371000.0,681164035.1378452,10.783333333333333,1.6453081999999997,504061.0,3812.7806451612905,590981.0,0.400165907988257
2024-10-03,60639.47,30552648.02459745,88404402371000.0,694347855.1727712,9.433333333333334,1.6471649746835448,522348.0,3688.4620253164558,582777.0,0.40841772558471334
2024-10-04,60754.15,34187225.99461169,88404402371000.0,742688528.6341666,8.383333333333333,1.7404848106508881,553982.0,3322.041420118343,561425.0,0.6259861311465695
2024-10-05,62079.73,30081843.746234596,88404402371000.0,663585608.4246106,9.75,1.5330212119205293,462401.0,5017.05298013245,757575.0,1.101749047546198
2024-10-06,62065.06,30594592.733785067,88404402371000.0,667980215.1029191,9.708333333333332,1.573013848684211,435532.0,4882.618421052632,742158.0,1.0180369360973638
2024-10-07,62814.93,32782462.893268794,88404402371000.0,681164035.1378452,8.883333333333333,1.5931405290322576,495630.0,4630.322580645161,717700.0,0.4195691916930032
2024-10-08,62238.11,33702482.37648855,88404402371000.0,733899315.2775493,9.433333333333334,1.595826311377245,556194.0,4308.131736526946,719458.0,0.30984403243726705
2024-10-09,62124.37,25530107.240756985,91073716327740.78,574966972.3426994,12.316666666666666,1.5759534960629924,479175.0,4227.456692913386,536887.0,0.3798764490794397
2024-10-10,60574.02,30822864.724527977,92049594548484.64,709250575.4670075,9.55,1.5618437677419352,495077.0,4814.264516129032,746211.0,0.43961186642561373
2024-10-11,60269.24,29763151.703211993,92049594548484.72,640613423.0024583,9.966666666666667,1.624266121428571,474119.0,4523.228571428572,633252.0,0.43385751687971896
2024-10-12,62457.07,30990848.915371027,92049594548484.7,654340853.4953684,9.466666666666667,1.5376059440559438,440477.0,5149.097902097902,736321.0,1.6807204489338776
2024-10-13,63189.26,28664910.99483269,92049594548484.72,631461802.673852,9.2875,1.5376229927536234,417442.0,4701.007246376812,648739.0,1.7945427340709112
2024-10-14,62842.66,29906256.018050965,92049594548484.72,636037612.8381552,10.383333333333333,1.5762032589928054,477679.0,4400.597122302158,611683.0,0.4477879944397425
2024-10-15,66048.56,33971085.75065951,92049594548484.64,713826385.6313109,8.3,1.6123338269230774,510964.0,4146.73717948718,646891.0,0.29413245108820746
2024-10-16,67049.57,33194077.141254988,92049594548484.7,645189233.1667618,10.95,1.5320078652482265,465015.0,5023.702127659574,708342.0,0.29799113240559977
2024-10-17,67599.32,38062121.87630825,92049594548484.64,718402195.7956142,11.2,1.6180906496815295,529901.0,4159.407643312102,653027.0,0.43594454231908497
2024-10-18,67401.64,30684181.20402789,92049594548484.73,622310182.3452455,9.991666666666667,1.5122127941176475,519056.0,3487.345588235294,474279.0,0.2821690232006336
2024-10-19,68426.2,38837709.34458331,92049594548484.58,791615158.4244666,7.583333333333333,1.6872832023121385,480562.0,4251.797687861272,735561.0,1.288425535510342
2024-10-20,68365.74,38382016.457399584,92049594548484.58,791615158.4244666,9.05,1.5811884450867058,462770.0,4497.531791907514,778073.0,0.8762945847450568
2024-10-21,69012.04,37717977.99061954,92049594548484.58,782463538.0958601,10.2,1.5792821403508777,482337.0,4883.105263157895,835011.0,0.4346259849754175
2024-10-22,67363.26,30775801.63184207,93021007793487.48,638125714.2515116,11.983333333333333,1.5767449927536235,479204.0,5073.724637681159,700174.0,0.3253261152519731
2024-10-23,67368.2,33044108.439061753,95672703408224.0,718143298.2753785,13.266666666666667,1.6045727549668867,496062.0,4405.211920529801,665187.0,0.4893782494915998
2024-10-24,66655.68,34240642.70925134,95672703408224.0,699119634.7449049,9.95,1.5800983265306123,453818.0,4638.326530612245,681834.0,0.38640115475311926
2024-10-25,68162.43,34823376.2580687,95672703408224.0,727655130.0406153,9.575,1.748851071895425,585659.0,3424.9281045751636,524014.0,0.4262212037196886
2024-10-26,66639.48,31704049.381140314,95672703408224.0,694363718.8622864,11.841666666666667,1.7199498287671235,513505.0,4094.1369863013697,597744.0,1.2245551032959354
2024-10-27,67018.78,36204165.491280206,95672703408224.0,765702457.1015625,9.033333333333333,1.7305607329192543,452846.0,4352.88198757764,700814.0,2.2301362622565035
2024-10-28,67938.81,36537186.23732615,95672703408224.0,798993868.2798914,10.2375,1.7032118630952378,535356.0,4183.476190476191,702824.0,0.33318046440577626
2024-10-29,69913.46,36386425.459195286,95672703408224.0,746678793.571089,11.083333333333334,1.7056745286624198,580911.0,3917.076433121019,614981.0,0.2575884068062547
2024-10-30,72706.28,38851883.66008345,95672703408224.0,803749784.1625097,9.3,1.7239887218934913,553379.0,4036.0887573964496,682099.0,0.28163549379251174
2024-10-31,72329.87,40964324.2741171,95672703408224.0,751434709.4537071,8.483333333333334,1.7295899810126585,562550.0,3558.4620253164558,562237.0,0.30625066681627555
2024-11-01,70219.02,33910747.10887455,95672703408224.0,727655130.0406153,8.116666666666667,1.7642614379084973,556938.0,3580.967320261438,547888.0,0.2724793729832094
2024-11-02,69490.73,32026078.597759437,95672703408224.0,670584139.4491944,9.783333333333333,1.7361215390070937,504261.0,3862.496453900709,544612.0,1.3770297987981432
2024-11-03,69301.81,29094437.76393023,95672703408224.0,627780896.505629,11.308333333333334,1.7792204090909085,452489.0,3450.0151515151515,455402.0,1.1250777265512
2024-11-04,68744.21,32758541.06532931,95989214149657.64,720519107.2542773,7.166666666666667,1.7856359337748349,518020.0,3025.337748344371,456826.0,0.327445496166792
2024-11-05,67809.49,30868848.264778823,101646843652784.64,702351988.6923242,10.7,1.7428261294964031,548496.0,3347.3812949640287,465286.0,0.2748140768937749
2024-11-06,69382.83,36479752.335798346,101646843652784.58,773092476.7620546,8.65,1.6654647777777776,622567.0,3278.699346405229,501641.0,0.21943421941523175
2024-11-07,75642.59,37249666.19414604,101646843652784.56,788251152.776997,8.7375,1.6974526346153846,583392.0,3545.173076923077,553047.0,0.2540268980312041
2024-11-08,75926.31,34871500.82626299,101646843652784.62,717510664.7072663,8.691666666666666,1.626071633802817,591256.0,3501.0281690140846,497146.0,0.21419164451594466
2024-11-09,76559.38,34682488.73240887,101646843652784.64,702351988.6923242,10.633333333333333,1.5508324028776972,502341.0,4153.726618705036,577368.0,0.7919138428528762
2024-11-10,76728.8,38393587.929907665,101646843652784.6,747828016.7371509,10.9,1.63745254054054,564887.0,3772.1486486486488,558278.0,0.4360301391240793
2024-11-11,80477.81,36644575.45286638,101646843652784.64,687193312.6773819,8.45,1.6281852941176476,623757.0,3400.426470588235,462458.0,0.23400818841319826
2024-11-12,88719.74,43018236.75243755,101646843652784.61,737722232.7271894,9.141666666666666,1.6059136438356159,702614.0,3449.8424657534247,503677.0,0.1637507515114895
2024-11-13,87972.98,40470156.6648386,101646843652784.64,697299096.6873435,10.316666666666666,1.5644338985507247,636591.0,4137.528985507246,570979.0,0.19038488950506316
2024-11-14,90537.78,37903153.606656246,101646843652784.69,641717284.6325549,11.533333333333333,1.5711467007874016,587387.0,3965.0866141732286,503566.0,0.15670491160548983
2024-11-15,87292.03,46031461.68156306,101646843652784.6,757933800.7471123,9.658333333333333,1.6060087066666655,619496.0,3748.153333333333,562223.0,0.24082662530406093
2024-11-16,91063.24,46321229.22102725,101646843652784.56,793304044.7819778,9.066666666666666,1.6703567643312096,581986.0,3838.566878980892,602655.0,0.8812511153852803
2024-11-17,90562.03,43237003.20203371,101646843652784.6,757933800.7471123,8.8,1.704733706666667,518085.0,3989.9733333333334,598496.0,1.3039930881521666
2024-11-18,89829.32,45939880.53391854,101766294632436.23,789177471.4803329,9.091666666666667,1.5984520128205133,569926.0,4316.076923076923,673308.0,
2024-11-19,90540.98,53066002.6667557,102289407543324.0,889845955.1158988,10.45,1.5759867999999997,547133.0,4633.171428571429,810805.0,0.29633338788938685
2024-11-20,92369.46,44849182.089420706,102289407543324.0,747470602.2973549,10.55,1.543573904761905,557265.0,4522.897959183673,664866.0,0.22505033248364995
2024-11-21,94354.43,45832910.82179196,102289407543324.0,732216100.2096539,10.641666666666666,1.592671034722222,666198.0,3461.8888888888887,498512.0,0.1906356126191443
2024-11-22,98501.47,45870965.214776054,102289407543324.0,727131266.1804202,10.9,1.5840462027972033,628962.0,3778.3566433566434,540305.0,0.24237752439689497
2024-11-23,99011.58,44288731.70387781,102289407543324.0,701707096.0342517,11.766666666666666,1.5987473768115945,590149.0,3222.4565217391305,444699.0,0.39286327233755
2024-11-24,97776.94,41610724.666828625,102289407543324.0,681367759.9173166,14.3,1.6317732910447762,534909.0,3457.3805970149256,463289.0,0.4927457439600484
2024-11-25,98042.92,52818949.67019584,102289407543324.0,859336950.9404964,8.933333333333334,1.6560957218934915,593158.0,3579.112426035503,604870.0,0.2775272054755181
2024-11-26,93003.21,42134965.081264235,102289407543324.0,706791930.0634853,9.15,1.5461724892086326,568082.0,3422.223021582734,475689.0,0.19752535374510194
2024-11-27,91968.35,40740155.28153788,102289407543324.0,676282925.8880831,8.566666666666666,1.640345639097744,599701.0,3474.5789473684213,462119.0,0.3244898328846152
2024-11-28,95956.99,43708706.498148665,102289407543324.0,722046432.1511863,10.166666666666666,1.6395232042253516,559054.0,3686.478873239437,523480.0,0.45021212508488895
2024-11-29,95651.51,38539203.27962367,102289407543324.0,615264917.5372787,11.65,1.504183644628099,551876.0,2824.6363636363635,341781.0,0.3198511229598787
2024-11-30,97503.54,51219912.1666137,102289407543324.0,833912780.7943279,8.3,1.634260103658536,583648.0,3908.189024390244,640943.0,1.188731932721176
2024-12-01,96450.08,50454109.55479435,102289407543324.0,803403776.6189257,9.083333333333332,1.5747089240506325,501246.0,4419.132911392405,698223.0,1.2101254097223755
2024-12-02,97273.62,40042377.24841241,102892719959890.11,649582756.2207783,9.866666666666667,1.5333071968503937,578842.0,2455.2047244094488,311811.0,0.23641955543939155
2024-12-03,95857.16,48404742.07075664,103919634711492.0,811042070.6273791,6.5,1.5476642101910822,613585.0,2799.484076433121,439519.0,0.36106802253661063
2024-12-04,95941.45,46080118.04099268,103919634711492.0,759383340.0141702,8.733333333333333,1.5576989183673466,606514.0,3421.170068027211,502912.0,0.330663173156766
2024-12-05,98768.81,50444083.64163084,103919634711492.0,800710324.5047373,7.783333333333333,1.59705784516129,676971.0,3306.3870967741937,512490.0,0.22651610037394052
2024-12-06,97079.54,43413843.2028743,103919634711492.0,702558736.3396405,8.383333333333333,1.5557603014705887,589966.0,3048.845588235294,414643.0,0.24269767979965667
2024-12-07,99888.14,46815725.79079835,103919634711492.0,733553974.7075658,8.858333333333334,1.4753816971830982,523611.0,3211.978873239437,456101.0,0.864057784531873
2024-12-08,99914.34,47090807.27574497,103919634711492.0,754217466.9528493,7.366666666666667,1.5827433767123291,500126.0,2878.904109589041,420320.0,1.2484969413742402
2024-12-09,101179.58,54361566.26139102,103919634711492.0,862700801.2405878,7.033333333333333,1.5128513233532934,548218.0,2414.754491017964,403264.0,0.32178818562341166
2024-12-10,97465.55,48841001.09533548,103919634711492.0,795544451.4434165,7.425000000000001,1.6000454610389612,637676.0,2869.7662337662337,441944.0,0.3762834380557727
2024-12-11,96653.46,46348479.76256849,103919634711492.0,733553974.7075658,9.05,1.571591711267606,617471.0,3388.507042253521,481168.0,0.2203151922385056
2024-12-12,101191.95,48612048.372051,103919634711492.0,764549213.0754911,8.358333333333334,1.580802655405405,642365.0,3209.310810810811,474978.0,0.28198608903262407
2024-12-13,100040.86,54813691.99291753,103919634711492.0,878198420.4245505,6.775,1.6034352588235294,622796.0,3079.9117647058824,523585.0,0.3105142456816039
2024-12-14,101467.53,51636670.970229216,103919634711492.0,821373816.7500207,7.516666666666667,1.5554226540880502,547370.0,3254.603773584906,517482.0,0.9645248700217146
2024-12-15,101404.33,45484688.17443159,103919634711492.0,707724609.4009614,7.816666666666666,1.5013762700729927,540459.0,2762.970802919708,378527.0,0.6667233555090438
2024-12-16,104342.21,49902125.28962492,108242734681593.58,796354777.917631,7.616666666666667,1.59929022972973,628257.0,2788.8310810810813,412747.0,0.2560407814463452
2024-12-17,106059.49,46675781.88376012,108522647629298.0,733677850.1420219,8.216666666666667,1.6134858897058821,587955.0,3086.080882352941,419707.0,0.2910271963699621
2024-12-18,106156.01,48207435.457878195,108522647629298.0,776835370.7386113,8.383333333333333,1.5915474513888896,583495.0,2877.5416666666665,414366.0,0.3012785031198214
2024-12-19,100157.34,49035041.54318009,108522647629298.0,782230060.8131851,8.733333333333333,1.5573618758620693,634202.0,3017.751724137931,437574.0,0.25638220135055556
2024-12-20,97470.38,48792080.69288845,108522647629298.0,814598201.2606272,7.5,1.5462122185430456,640920.0,2640.198675496689,398670.0,0.30242154386978926
2024-12-21,97768.78,46576983.07753663,108522647629298.0,782230060.8131851,7.683333333333334,1.6188503034482762,516725.0,2277.4137931034484,330225.0,0.6767590535321917
2024-12-22,97226.54,48657903.29092301,108522647629298.0,836176961.5589218,7.075,1.6410781419354843,477331.0,2169.141935483871,336217.0,1.4568132777275473
2024-12-23,95094.78,42142590.40323516,108522647629298.0,749861920.3657429,8.066666666666666,1.6732517913669063,528563.0,2105.6187050359713,292681.0,0.3378560796033567
2024-12-24,94715.72,40475096.03004776,108522647629298.0,712099089.8437271,9.141666666666666,1.561172409090909,543738.0,2474.0151515151515,326570.0,0.3500076010896634
2024-12-25,98613.53,48438682.85151064,108522647629298.0,814598201.2606272,7.983333333333333,1.618173079470199,465831.0,2687.6225165562914,405831.0,0.8861550930258204
2024-12-26,99300.12,40408202.34206625,108522647629298.0,706704399.7691535,8.933333333333334,1.6209581297709925,488028.0,2281.8015267175574,298916.0,0.47577646369138027
2024-12-27,95685.77,48511207.9152624,108522647629298.0,852361031.782643,6.475,1.5462555063291137,568492.0,2204.0569620253164,348241.0,0.5063455796793072
2024-12-28,94152.68,43529291.78230904,108522647629298.0,771440680.6640378,7.1,1.6857940769230761,513628.0,2087.972027972028,298580.0,1.6257037495369253
2024-12-29,95144.81,47490818.545648575,108610329323384.5,853049703.3260739,7.066666666666666,1.7151760886075953,473130.0,2652.6075949367087,419112.0,0.9083630933553779
2024-12-30,93536.42,47081028.01040803,109782075598904.53,867710155.9849901,6.833333333333333,1.759092691823898,546526.0,2356.735849056604,374721.0,0.3495098440337057
2024-12-31,92652.68,38391995.23616546,109782075598904.66,703991258.6293316,8.966666666666667,1.730569527131783,545227.0,2422.5813953488373,312513.0,0.28971382947620783
2025-01-01,93406.74,41677508.02058292,109782075598904.6,764021520.9930731,7.066666666666666,1.8116450785714278,469908.0,2087.2357142857145,292213.0,0.6359751117759261
2025-01-02,94409.13,50856759.022372745,109782075598904.5,911368528.6131656,6.016666666666667,1.709505952095809,536381.0,2409.820359281437,402440.0,0.8323387443201077
2025-01-03,96853.63,43774428.96439177,109782075598904.6,774936114.1501169,7.558333333333334,1.7351344788732397,580296.0,2882.6830985915494,409341.0,0.529334044625555
2025-01-04,98122.01,46859345.575336605,109782075598904.56,813137190.1997707,6.65,1.8138817651006707,514543.0,2901.3557046979868,432302.0,1.6986370142805742
2025-01-05,98242.07,49028390.2707316,109782075598904.53,851338266.2494245,7.275,1.7188002628205135,477492.0,2781.75641025641,433954.0,2.0543725271953637
2025-01-06,98319.2,42889059.58256392,109782075598904.62,725820444.9434196,8.933333333333334,1.6768145488721813,552854.0,2753.8345864661655,366260.0,0.4000788704313255
2025-01-07,102253.31,43399566.37768761,109782075598904.62,731277741.5219413,8.141666666666666,1.6797658955223878,534903.0,2627.768656716418,352121.0,0.3452339713205076
2025-01-08,96916.58,38731743.14653424,109782075598904.67,682162072.3152436,10.066666666666666,1.6427771600000003,545474.0,3199.808,399976.0,0.3166398669088447
2025-01-09,95049.45,45131715.5046244,109782075598904.55,829509079.9353366,8.016666666666667,1.7227529934210526,551517.0,3513.2434210526317,534013.0,0.620998011361772
2025-01-10,92493.26,43118492.83665689,109782075598904.6,774936114.1501169,8.35,1.724822690140845,555569.0,2878.654929577465,408769.0,0.5241717666792669
2025-01-11,94702.66,41261535.49680089,109782075598904.61,753106927.8360293,7.5375,1.7362073405797103,493250.0,2617.31884057971,361190.0,1.518209332318401
2025-01-12,94569.61,51325373.58876659,109910589834948.7,939753829.6056751,5.35,1.8431457267441864,478512.0,2212.3546511627906,380525.0,2.032800587802048
2025-01-13,94478.37,38030872.878672,110451907374650.0,702796044.3776932,11.274999999999999,1.7295513437500007,527739.0,3189.4375,408248.0,0.5119835634018342
2025-01-14,94497.68,48024069.39001907,110451907374650.0,845551490.8919123,7.216666666666667,1.8244092467532467,555702.0,2290.155844155844,352684.0,0.5665458365193445
2025-01-15,96527.14,43360626.4550287,110451907374650.0,763192579.4414012,8.366666666666667,1.6532756762589924,562243.0,2546.863309352518,354014.0,0.4453617645119185
2025-01-16,100511.85,40561226.41225965,110451907374650.0,702796044.3776932,9.941666666666666,1.6027530937500003,552617.0,2933.1171875,375439.0,0.26651215533240225
2025-01-17,99976.92,49088495.97809198,110451907374650.0,823589114.5051093,7.8583333333333325,1.68558006,609681.0,2837.74,425661.0,0.3576140367000276
2025-01-18,104103.44,42811968.75008991,110451907374650.0,713777232.5710948,9.795833333333333,1.6774357538461533,548843.0,2774.353846153846,360666.0,0.7943554513410562
2025-01-19,104408.89,49783518.321237095,110451907374650.0,823589114.5051093,6.708333333333334,1.6902735333333343,581784.0,2590.06,388509.0,0.8494202618315223
2025-01-20,101217.01,52231151.07326733,110451907374650.0,834570302.6985108,6.854166666666667,1.9921583223684214,611603.0,2304.5460526315787,350291.0,0.46359856799405114
2025-01-21,102042.06,44179305.061924905,110451907374650.0,730249014.861197,7.9,1.8047244887218037,576234.0,2439.187969924812,324412.0,0.3151884146234986
2025-01-22,106158.27,49976591.427646,110451907374650.0,823589114.5051093,8.225,1.7599536599999999,563550.0,2882.46,432369.0,0.36807749224106284
2025-01-23,103637.06,45141421.668283015,110451907374650.0,746720797.1512991,8.133333333333333,1.6959639632352943,559393.0,2397.1323529411766,326010.0,0.3084617798577209
2025-01-24,103950.37,46593684.6521943,110451907374650.0,768683173.5381019,8.283333333333333,1.698197278571428,555324.0,2637.45,369243.0,0.38512945257568104
2025-01-25,104855.0,43120149.290072314,110451907374650.0,702796044.3776932,8.524999999999999,1.7152180859374997,511721.0,2648.34375,338988.0,1.1670477859013133
2025-01-26,104722.36,45984551.185417086,110451907374650.0,752211391.2479999,6.175,1.776783605839416,468657.0,2260.2262773722628,309651.0,1.652050876142789
2025-01-27,102592.63,49678699.31219695,108526595760699.28,841602268.6110247,6.616666666666667,1.7796417756410254,536813.0,2128.858974358974,332102.0,0.41552012694231816
2025-01-28,102102.01,48495894.35196659,108105433845147.44,795344639.2008113,6.116666666666667,1.9123466959459459,526610.0,2067.25,305953.0,0.6035711981697593
2025-01-29,101322.82,50806098.81323439,108105433845147.45,832962291.0549035,5.35,1.7883141612903222,536882.0,2292.4645161290323,355332.0,0.8339332591166507
2025-01-30,103704.56,48159480.94685502,108105433845147.42,779222788.4062003,6.683333333333334,1.7439475379310347,563297.0,2311.268965517241,335134.0,0.6507643183632636
2025-01-31,104743.97,41215377.12005181,108105433845147.33,671743783.1087936,7.366666666666666,1.7345627839999993,573440.0,2629.472,328684.0,0.36793947772477575
2025-02-01,102406.47,59813383.882176995,108105433845147.55,988806848.7361435,4.441666666666666,1.8756956847826083,547939.0,1942.6032608695652,357439.0,1.9850138147472995
2025-02-02,100627.27,53478549.88510187,108105433845147.52,918945495.2928294,5.766666666666667,1.6779790877192988,493629.0,2241.2748538011697,383258.0,1.1217751949984125
2025-02-03,97675.85,46785079.346051134,108105433845147.45,822214390.5251629,7.583333333333333,1.689621862745099,594369.0,2356.1045751633987,360484.0,0.25976996320112883
2025-02-04,101414.76,41194953.77868615,108105433845147.36,703987484.6980155,8.033333333333333,1.840725908396947,533329.0,2355.8702290076335,308619.0,0.41307203265699105
2025-02-05,97877.42,44475327.26978206,108105433845147.42,773848838.1413299,8.270833333333334,1.9081175694444446,549668.0,2646.7083333333335,381126.0,0.308134503142877
2025-02-06,96607.66,44757606.39731677,108105433845147.42,779222788.4062003,8.083333333333334,1.7654181517241379,556046.0,2953.9724137931034,428326.0,0.44659875754957995
2025-02-07,96564.45,56217352.926798366,108105433845147.52,929693395.8225701,7.033333333333333,1.7348832023121383,547121.0,2880.8901734104047,498394.0,0.6459151716114886
2025-02-08,96540.7,48611951.116211586,108105433845147.47,859832042.3792553,6.383333333333333,1.7985652999999993,495840.0,2932.1125,469138.0,1.403343356614162
2025-02-09,96486.54,43517930.313924514,111878185464323.42,795293751.4100475,7.45,1.8484050769230782,458209.0,2695.244755244755,385420.0,1.5044962819710828
2025-02-10,96487.05,43320703.27320515,114167270716408.0,788864727.616627,8.4,1.6840576115107921,506614.0,2586.4892086330933,359522.0,0.5828458197939832
2025-02-11,97461.49,38861640.370031185,114167270716408.0,703735440.4637535,8.641666666666666,1.6674805241935486,527971.0,2721.8790322580644,337513.0,0.4100589629406915
2025-02-12,95752.0,40527088.43881252,114167270716408.0,754813012.7554775,9.0,1.689297165413533,524479.0,2906.308270676692,386539.0,0.6702076967639976
2025-02-13,97877.16,48803029.99107258,114167270716408.0,896695158.0102665,8.570833333333333,1.7881072405063287,554664.0,2404.46835443038,379906.0,0.7333527326299785
2025-02-14,96628.78,46640110.77105758,114167270716408.0,862643443.1491172,7.425,1.7718157763157887,555378.0,2276.3289473684213,346002.0,0.5528049845037023
2025-02-15,97494.79,49782602.46558018,114167270716408.0,908045729.6306497,5.241666666666667,1.8440339749999999,477805.0,1918.3125,306930.0,1.7565028639652647
2025-02-16,97593.62,46930841.28289941,114167270716408.0,856968157.3389257,6.133333333333334,1.4039354105960273,439616.0,1987.3576158940398,300091.0,1.97807801822042
2025-02-17,96176.21,41783251.277969725,114167270716408.0,777514155.996244,9.283333333333333,1.7308320364963508,481661.0,2434.058394160584,333466.0,0.7584776198285411
2025-02-18,95771.14,42231628.83348872,114167270716408.0,794540013.4268184,9.183333333333334,1.7863662214285705,505135.0,3019.35,422709.0,0.538387238788249
2025-02-19,95544.0,38342134.3854138,114167270716408.0,715086012.0841366,9.254166666666666,1.7234151349206352,504104.0,3560.0714285714284,448569.0,0.48060568011601107
2025-02-20,96642.79,40189160.098628856,114167270716408.0,737787155.324903,12.016666666666667,1.6944884307692305,528372.0,3695.8846153846152,480465.0,0.5223713058878999
2025-02-21,98331.0,40005010.99108212,114167270716408.0,732111869.5147113,9.383333333333333,1.7013886279069765,539520.0,3565.186046511628,459909.0,0.3415420910152248
2025-02-22,96111.11,42595344.10286018,114167270716408.0,788864727.616627,12.366666666666667,1.7502547697841715,481128.0,3970.136690647482,551849.0,0.4691155062913589
2025-02-23,96580.65,39879359.88534411,113609310651996.22,728533880.978175,12.183333333333334,1.7325820232558142,401327.0,4440.418604651163,572814.0,0.9584639016975608
2025-02-24,96274.79,40054809.07939585,110568428300952.64,714530229.8374169,12.1,1.7080594230769228,502390.0,3954.507692307692,514086.0,0.5312972484746464
2025-02-25,91538.39,42857483.777941674,110568428300952.58,807968798.3546175,11.066666666666666,1.621320761904762,593036.0,3381.3809523809523,497063.0,0.2155788908799275
2025-02-26,88664.31,44000914.86033099,110568428300952.53,862932662.1882651,7.7,1.4706002420382172,551544.0,2570.541401273885,403575.0,0.26385381433199456
2025-02-27,84115.7,40758550.697296485,110568428300952.56,824457957.5047117,7.408333333333333,1.6030395466666667,559897.0,2167.7466666666664,325162.0,0.31267608145751835
2025-02-28,84645.86,40709492.42352019,110568428300952.53,857436275.8049003,7.754166666666666,1.7122434679487166,639073.0,2475.5320512820513,386183.0,0.2890707263984108
2025-03-01,84379.79,38951051.77210351,110568428300952.58,791479639.2045234,6.8,1.7538490347222229,537837.0,2020.1041666666667,290895.0,0.877168511445843
2025-03-02,86025.07,35174001.36934307,110568428300952.67,692544684.3039575,8.491666666666667,1.760054301587302,502728.0,2102.4761904761904,264912.0,0.5836089296619239
2025-03-03,94255.51,43308113.80620068,110568428300952.56,824457957.5047117,7.958333333333334,1.7580227933333346,574113.0,2494.826666666667,374224.0,0.33163320326555196
2025-03-04,86081.79,39178869.15203415,110568428300952.58,802472411.9712528,6.858333333333333,1.7642802123287673,572405.0,2087.486301369863,304773.0,0.4161860603369168
2025-03-05,87226.39,38822717.06369649,110568428300952.62,736515775.3708757,7.8,1.7938404402985075,553079.0,2307.283582089552,309176.0,0.5164029812246691
2025-03-06,90608.57,49258687.207736224,110568428300952.5,934385685.1720064,5.583333333333333,1.697800470588235,582749.0,2178.5235294117647,370349.0,0.5836566604482104
2025-03-07,89920.13,39648582.37221587,110568428300952.6,780486866.4377937,7.025,1.555394605633804,575233.0,2208.3661971830984,313588.0,0.39206122843777963
2025-03-08,86745.52,37395283.79197848,110568428300952.61,753004934.5209701,7.166666666666667,1.6419529854014598,490884.0,2134.6788321167883,292451.0,1.4897075091526137
2025-03-09,86163.24,42556646.31233789,111085509723899.64,878012411.8108668,5.008333333333334,1.705446704402515,468931.0,1889.182389937107,300380.0,1.2930827148466095
2025-03-10,80669.31,39454820.13211145,112149504190348.52,858547242.188255,8.295833333333334,1.5978543246753247,561710.0,2897.5584415584417,446224.0,0.33820626685903526
2025-03-11,78557.72,35525727.06552882,112149504190348.58,769347528.7141508,8.458333333333332,1.5727364637681163,555242.0,2730.0,376740.0,0.33645696907697187
2025-03-12,82859.32,40530980.77892335,112149504190348.52,852972260.0961236,8.65,1.726359150326797,537118.0,2802.797385620915,428828.0,0.36044918841027435
2025-03-13,83703.69,42545126.21943221,112149504190348.5,886422152.6489124,10.216666666666667,1.6200962201257851,548028.0,3349.9245283018868,532638.0,0.36511273274078027
2025-03-14,81075.63,37405446.53126042,112149504190348.56,791647457.0826768,10.066666666666666,1.6494194859154925,558542.0,3092.8802816901407,439189.0,0.4864848038284265
2025-03-15,83982.58,35272290.97760472,112149504190348.61,735897636.1613616,11.266666666666666,1.6406870757575756,483792.0,3586.5757575757575,473428.0,1.7416374801510912
2025-03-16,84339.61,41508726.75968703,112149504190348.55,808372403.3590714,10.75,1.6477836965517243,440114.0,3249.0689655172414,471115.0,1.6866456405280272
2025-03-17,82581.85,37039423.93963551,112149504190348.58,780497492.8984137,9.275,1.6479607999999997,511394.0,2717.807142857143,380493.0,0.5323047798376672
2025-03-18,84040.57,37114004.517978825,112149504190348.56,791647457.0826768,8.633333333333333,1.6019828450704228,520296.0,2600.260563380282,369237.0,0.654173943313553
2025-03-19,82718.44,40407764.34030447,112149504190348.53,847397278.0039921,9.483333333333333,1.6076692697368422,523412.0,2905.6644736842104,441661.0,0.5517871963864613
2025-03-20,86867.58,38405639.297976285,112149504190348.56,791647457.0826768,7.633333333333333,1.61552697887324,538832.0,2380.0915492957747,337973.0,0.40967069487722285
2025-03-21,84174.28,38614236.487858675,112149504190348.55,808372403.3590714,7.35,1.6531231517241376,542213.0,2215.3793103448274,321230.0,0.5397519589414803
2025-03-22,84042.1,40336852.4258118,112149504190348.53,836247313.819729,8.041666666666668,1.6760423133333333,463442.0,2758.9266666666667,413839.0,1.7644581635022651
2025-03-23,83813.07,41846260.4654538,113035968276012.02,876571559.8921037,7.925,1.6527253269230766,426406.0,3421.50641025641,533755.0,2.33846621979524
2025-03-24,86057.08,42587257.93296199,113757508810854.0,870857131.0489082,10.65,1.6105560324675319,542968.0,3140.7337662337663,483673.0,0.5542257049375969
2025-03-25,87509.31,42414375.954737216,113757508810854.0,842582548.8719956,10.883333333333333,1.5333439395973156,537123.0,3395.026845637584,505859.0,0.4192543409575685
2025-03-26,87475.15,42937270.49430426,113757508810854.0,859547298.1781431,9.45,1.6199100394736845,551045.0,3388.6052631578946,515068.0,0.4442990452443524
2025-03-27,86907.02,40835198.15509742,113757508810854.0,836927632.4366131,10.216666666666667,1.626665175675675,546963.0,2955.9189189189187,437476.0,0.5425775698825352
2025-03-28,87187.77,42144592.72836342,113757508810854.0,870857131.0489082,8.458333333333332,1.5566065454545461,555512.0,2582.37012987013,397685.0,0.34979161247333695
2025-03-29,84362.88,37087849.85340748,113757508810854.0,797343217.3889353,6.816666666666666,1.6424288297872336,491096.0,2057.723404255319,290139.0,0.7284573920269448
2025-03-30,82612.14,35801263.66273607,113757508810854.0,774723551.6474054,6.833333333333333,1.5574983722627729,448720.0,2227.78102189781,305206.0,1.0999588047966868
2025-03-31,82338.19,39119908.76634413,113757508810854.0,836927632.4366131,7.4,1.4814420405405406,536233.0,2150.5337837837837,318279.0,0.39830165819680685
2025-04-01,82531.15,36330992.43618515,113757508810854.0,763413718.7766403,8.5,1.5721514814814819,577515.0,2639.4296296296297,356323.0,0.553998776704078
2025-04-02,85185.53,47226883.76620056,113757508810854.14,972645626.8857933,6.45,1.348659918604651,561041.0,2320.0872093023254,399055.0,0.49459942640636534
2025-04-03,82487.27,40851454.910893194,113757508810854.0,859547298.1781431,7.595833333333333,1.585139506578947,576015.0,2579.2302631578946,392043.0,0.34515431922973444
2025-04-04,83102.81,47375745.47185206,113757508810854.22,1017884958.3688537,6.270833333333334,1.4103609666666665,568203.0,2388.116666666667,429861.0,0.5395582598427873
2025-04-05,83842.01,43634314.67975655,116403947359503.08,948981343.907835,4.5375,1.1343801219512197,491185.0,1789.4756097560976,293474.0,1.1280529155479253
2025-04-06,83500.22,37385270.598243356,121507793131898.0,875826848.0097468,5.783333333333333,1.313209200000001,468285.0,1927.4137931034484,279475.0,0.860214785627658
2025-04-07,78372.2,36726339.728355154,121507793131898.0,875826848.0097468,6.95,1.4500031862068958,561612.0,2133.7034482758622,309387.0,0.2979816990009159
2025-04-08,79188.56,38266546.404310316,121507793131897.94,924148329.2792498,8.283333333333333,1.2999018235294117,560881.0,2378.901960784314,363972.0,0.48505218324924587
2025-04-09,76266.57,33000042.95873312,121507793131898.0,791264255.7881161,8.133333333333333,1.3897951374045805,553980.0,2422.2290076335876,317312.0,0.31074919320376404
2025-04-10,82575.64,37420617.70238005,121507793131898.0,869786662.851059,7.25,1.3503154861111113,559681.0,2239.3333333333335,322464.0,0.4523521704691112
2025-04-11,79587.79,39052696.81422857,121507793131898.0,893947403.4858105,7.275,1.4232085135135133,574941.0,2736.689189189189,405030.0,0.37400933313838064
2025-04-12,83423.93,38212138.6791121,121507793131898.0,869786662.851059,8.308333333333334,1.4251067361111105,504593.0,2843.8263888888887,409511.0,1.1942157791326486
2025-04-13,85283.27,47355383.40737958,121507793131897.72,1038911847.2943201,6.483333333333333,1.3317095174418605,462177.0,2646.156976744186,455139.0,1.6483378684671763
2025-04-14,83709.73,39919630.5512658,121507793131897.98,899987588.6444983,7.841666666666667,1.4915851073825501,531419.0,2964.3489932885905,441688.0,0.544760660630875
2025-04-15,84553.18,39338862.03654765,121507793131898.0,869786662.851059,7.9625,1.509216645833333,547445.0,3075.6875,442899.0,0.6135875165083695
2025-04-16,83631.52,39308538.08485719,121507793131898.0,893947403.4858105,9.666666666666666,1.621543689189189,543869.0,3426.5472972972975,507129.0,0.4345907798308835
2025-04-17,84033.59,40902380.75468962,121507793131897.94,924148329.2792498,10.233333333333333,1.6875147777777777,545464.0,3641.705882352941,557181.0,0.523224179588193
2025-04-18,84915.2,36371220.00117252,121507793131898.0,821465181.5815556,10.329166666666666,1.6653093676470596,515292.0,3740.6838235294117,508733.0,0.9395932453878115
2025-04-19,84466.72,37461821.80553237,122638153785919.48,847396221.1293446,9.466666666666667,1.6493560287769784,471006.0,3921.410071942446,545076.0,1.4922053240119504
2025-04-20,85090.63,32997150.701480925,123234387977051.38,753499802.4397362,11.733333333333333,1.6637433658536578,423502.0,3810.869918699187,468737.0,1.477949154468884
2025-04-21,85172.64,34869989.28334006,123234387977051.39,771877846.401681,10.641666666666666,1.6515207380952381,493498.0,3531.6349206349205,444986.0,0.43800749698874153
2025-04-22,87522.75,43977633.27289226,123234387977051.52,949532271.367147,9.0,1.7016848,569473.0,3343.658064516129,518267.0,0.3520511570767626
2025-04-23,93472.65,34345867.712945186,123234387977051.33,698365670.5539016,12.774999999999999,1.5722158771929824,546333.0,3668.4473684210525,418203.0,0.21201118606867564
2025-04-24,93708.71,41813843.909226455,123234387977051.47,863768066.2114046,9.366666666666667,1.6355802695035464,569545.0,3296.021276595745,464739.0,0.2979212129920915
2025-04-25,93970.77,43579177.177242085,123234387977051.47,882146110.1733494,8.008333333333333,1.7315263819444444,595179.0,2725.3541666666665,392451.0,0.2514292802494491
2025-04-26,94724.46,39716472.20651905,123234387977051.42,814759948.9795519,8.866666666666667,1.8938662781954885,486530.0,2416.218045112782,321357.0,0.871761395015702
2025-04-27,94660.46,40230728.76315034,123234387977051.44,827011978.2875152,9.625,1.603343444444444,449536.0,3272.7925925925924,441827.0,1.0346362236091724
2025-04-28,93782.18,42213546.56184839,123234387977051.47,863768066.2114046,8.183333333333334,1.6737808226950353,513795.0,2906.1347517730496,409765.0,0.3659728379131905
2025-04-29,94998.2,43904118.875818565,123234387977051.48,894398139.4813126,10.024999999999999,1.6012471027397268,526876.0,3203.595890410959,467725.0,0.3461912389131634
2025-04-30,94274.98,39639336.21697385,123234387977051.42,808633934.3255703,9.883333333333333,1.581549507575757,558028.0,2657.037878787879,350729.0,0.4710023217625609
2025-05-01,94206.41,40939035.12337938,123234387977051.44,827011978.2875152,7.083333333333333,1.6676638592592596,555979.0,2453.3259259259257,331199.0,0.4682727862628135
2025-05-02,96507.26,49317846.31045347,123234387977051.52,974036329.9830736,6.983333333333333,1.6573263081761007,613025.0,2385.3333333333335,379268.0,0.4758012817349014
2025-05-03,96927.01,50395338.062251836,122656845148755.53,999957994.4593519,6.324999999999999,1.6710641097560985,515130.0,2376.3231707317073,389717.0,0.8718363952333423
2025-05-04,95895.74,43157958.3121203,119116256505723.45,823060870.7158544,7.7,1.8913832446043173,446087.0,2503.431654676259,347977.0,1.6051071900027984
2025-05-05,94312.45,52286092.94880676,119116256505723.56,1036227714.9300332,6.666666666666667,1.4848936514285707,531867.0,2298.64,402262.0,0.42453209542960246
2025-05-06,94727.8,41318522.62404085,119116256505723.45,817139569.4876828,7.795833333333333,1.6543183550724647,526919.0,2407.376811594203,332218.0,0.42630329759874386
2025-05-07,96818.39,46395931.94800696,119116256505723.5,894116485.453914,7.6,1.6128247549668875,559340.0,2271.5960264900664,343011.0,0.5230369193757984
2025-05-08,97042.54,50308941.74009139,119116256505723.52,941486895.2792871,6.733333333333333,1.6702169056603768,592201.0,2351.0251572327043,373813.0,0.4859393108413823
2025-05-09,103223.26,47753844.10631721,119116256505723.45,828982171.944026,7.491666666666667,1.538478228571429,603053.0,2389.592857142857,334543.0,0.3979171276817812
2025-05-10,102982.07,48896451.99410062,119116256505723.5,888195184.2257423,7.083333333333333,1.9174952266666658,503410.0,2207.16,331074.0,1.342736588256228
2025-05-11,104766.27,49492536.75833079,119116256505723.48,882273882.9975705,6.416666666666667,1.5390386979865778,467125.0,1890.979865771812,281756.0,1.2365570877134475
2025-05-12,104130.99,50187139.68053346,119116256505723.47,858588678.0848842,8.383333333333333,1.6455296482758621,532368.0,2608.862068965517,378285.0,0.47300960529619446
2025-05-13,102827.18,42585530.2522898,119116256505723.42,769769159.6623099,8.475000000000001,1.5784312230769235,534997.0,2275.269230769231,295785.0,0.35078719959502486
2025-05-14,104154.71,48033095.5708874,119116256505723.47,852667376.8567126,7.008333333333333,1.7275102152777775,535430.0,2269.5694444444443,326818.0,0.5228877203137845
2025-05-15,103552.22,48115854.702472426,119116256505723.48,864509979.3130558,8.533333333333335,1.6858888972602746,540779.0,2562.6917808219177,374153.0,0.36149204407677504
2025-05-16,103757.39,46100892.54743447,119116256505723.44,805296967.0313396,8.670833333333334,1.6120485000000007,539053.0,2674.8970588235293,363786.0,0.49782951405800224
2025-05-17,103499.95,46842170.668077596,120040690785396.2,853317480.0820746,6.033333333333333,1.4959012657342654,474173.0,2040.5384615384614,291797.0,1.5553834178957557
2025-05-18,103158.51,53324564.265465595,121658450774824.47,979723251.2998109,8.425,1.5649339629629633,432229.0,3884.6543209876545,629314.0,1.2467100117365004
2025-05-19,106424.76,46633142.760079965,121658450774824.53,852722089.09428,11.5,1.5391844822695036,499650.0,4155.198581560284,585883.0,0.4213968295100125
2025-05-20,105622.1,50269349.19490288,121658450774824.52,895055809.829457,10.125,1.539952425675676,536030.0,3849.7905405405404,569769.0,0.46284199083084016
2025-05-21,106805.83,49846442.67697942,121658450774824.53,870865112.2664988,9.008333333333333,1.7006174027777776,567751.0,2931.8819444444443,422191.0,0.33736591115385367
2025-05-22,109668.26,52851545.1129847,121658450774824.5,907151158.610936,8.366666666666667,1.6638796266666678,612816.0,3118.6866666666665,467803.0,0.32943258746896525
2025-05-23,111722.19,54588322.40563351,121658450774824.48,937389530.5646338,8.066666666666666,1.8816288580645164,571289.0,2868.548387096774,444625.0,0.3542595100726541
2025-05-24,107303.71,48275499.67356639,121658450774824.53,852722089.09428,8.1,1.917446106382979,500617.0,2804.3971631205673,395420.0,0.8864142435423408
2025-05-25,107809.79,55807931.7439643,121658450774824.5,913198833.0016756,6.966666666666667,1.4524477152317878,442797.0,2359.9668874172185,356355.0,1.6969105025935831
2025-05-26,109029.24,52915104.91574241,121658450774824.5,925294181.7831548,6.85,1.464100849673203,516548.0,2341.764705882353,358290.0,0.5741542090981989
2025-05-27,109481.32,49485358.525541104,121658450774824.53,852722089.09428,7.4,1.3929357943262408,508812.0,2999.886524822695,422984.0,0.40391637186701207
2025-05-28,108987.67,56299149.74145468,121658450774824.47,991818600.0812899,7.783333333333333,1.576744341463415,546095.0,3299.7134146341464,541153.0,0.5343968066594662
2025-05-29,107808.38,53953669.204095624,121658450774824.48,961580228.1275918,6.1,1.4227337987421385,542154.0,2407.9182389937105,382859.0,0.5217241746765693
2025-05-30,105588.16,51603272.39586039,121658450774824.48,937389530.5646338,6.475,1.4189764967741936,594597.0,2556.335483870968,396232.0,0.42866145608129264
2025-05-31,104027.67,52781971.99353161,126982285146988.45,1016284104.8877773,5.4,1.065115192546584,506671.0,1859.5776397515529,299392.0,1.6394389668520641
2025-06-01,104655.37,43808675.73054219,126982285146988.55,839539043.1681639,8.116666666666667,1.2727644962406015,452800.0,1925.3533834586467,256072.0,1.6189955244904437
2025-06-02,105701.48,44023056.63066118,126982285146988.55,839539043.1681639,8.633333333333333,1.4465421578947368,516152.0,2605.1729323308273,346488.0,0.34756598599513194
2025-06-03,105906.96,48097470.03912732,126982285146988.5,908974603.1294405,8.041666666666668,1.8001074236111114,560813.0,2492.3263888888887,358895.0,0.4204585576286975
2025-06-04,105434.47,41910547.6862086,126982285146988.58,795352777.73826,8.7,1.6676330793650795,545490.0,2674.8968253968255,337037.0,0.30710476082133914
2025-06-05,104743.97,44003996.223430805,126982285146988.53,845851366.801007,8.258333333333333,1.3599081119402985,562558.0,2391.8582089552237,320509.0,0.41707837308784396
2025-06-06,101565.91,43897190.94928961,126982285146988.53,845851366.801007,7.608333333333333,1.5769285895522394,543873.0,2228.679104477612,298643.0,0.38319544198198324
2025-06-07,104381.86,47398989.35463319,126982285146988.5,902662279.4965969,7.2,1.1750631118881123,473987.0,2032.993006993007,290718.0,1.2887794517434545
2025-06-08,105633.02,50908063.18071988,126982285146988.47,965785515.8250304,5.391666666666667,1.3304664183006538,436494.0,2009.8366013071895,307505.0,2.1530700604354176
2025-06-09,105770.98,47302374.792630896,126982285146988.52,883725308.5980667,7.933333333333334,1.3634722714285716,506842.0,2580.535714285714,361275.0,0.5104959877384624
2025-06-10,110300.41,58400130.58904057,126982285146988.42,1066782693.9505239,6.433333333333334,1.427166207100591,558332.0,2537.2603550295858,428797.0,0.521614826798985
2025-06-11,110279.28,48716612.982634395,126982285146988.52,890037632.2309102,7.083333333333333,1.5753783971631203,519320.0,2462.8581560283687,347263.0,0.5585082925808859
2025-06-12,108688.52,50245393.68482558,126982285146988.48,934223897.6608136,9.016666666666666,1.4945084324324327,549165.0,2874.412162162162,425413.0,0.7879939538780514
2025-06-13,105755.21,48859546.300097495,126982285146988.5,915286926.7622839,8.066666666666666,1.4265965517241375,567837.0,2424.1310344827584,351499.0,0.4242925198969219
2025-06-14,106121.85,50643856.22323849,126456802831653.22,949216466.5546213,5.666666666666667,1.1009524701986757,474984.0,1813.5761589403974,273850.0,1.30345091979236
2025-06-15,105466.67,45795101.48493961,126411437451912.0,854616743.0404905,7.116666666666667,1.143612360294118,439669.0,2073.044117647059,281934.0,1.4511068315477405
2025-06-16,105558.7,49380099.58294062,126411437451912.0,917456209.4405266,6.85,1.2807492602739727,527740.0,2473.2328767123286,361092.0,0.4143459308085124
2025-06-17,106798.31,39628952.11119688,126411437451912.0,741505703.5204258,10.704166666666666,1.513460457627119,518441.0,3004.5423728813557,354536.0,0.4203769029248304
2025-06-18,104606.29,47261638.10736218,126411437451912.0,879752529.6005048,11.441666666666666,1.5107156071428576,526045.0,3152.2642857142855,441317.0,0.46099810642825007
2025-06-19,104910.93,42106155.08953161,126411437451912.0,798061223.2804582,9.533333333333333,1.5800727795275595,501017.0,2427.8110236220473,308332.0,0.8011872291419084
2025-06-20,104680.34,50034488.67835489,126411437451912.0,948875942.6405447,7.983333333333333,1.4394211456953645,543938.0,2340.7880794701987,353459.0,0.5770227182159338
2025-06-21,103302.68,46573282.15737069,126411437451912.0,886036476.2405084,7.55,1.3109816028368797,455627.0,2195.8368794326243,309613.0,1.4233172973537969
2025-06-22,102141.77,34173347.374878295,126411437451912.0,672382290.480386,9.266666666666667,1.4165525140186914,434126.0,2480.570093457944,265421.0,0.6551853905246685
2025-06-23,100997.71,34611323.91322129,126411437451912.0,672382290.480386,9.983333333333333,1.4573127757009348,477910.0,2716.6168224299067,290678.0,0.3589775324732956
2025-06-24,105380.3,39244053.8123115,126411437451912.0,735221756.880422,9.208333333333334,1.4779475299145297,498971.0,2385.675213675214,279124.0,
2025-06-25,106118.74,48334581.60969528,126411437451912.0,898604369.5205159,8.6,1.5909058741258748,516000.0,2712.72027972028,387919.0,0.4070443328890762
2025-06-26,107386.04,53545026.820175804,126411437451912.0,986579622.4805663,8.716666666666667,1.5343019426751594,540682.0,3212.3630573248406,504341.0,0.45400425616642354
2025-06-27,106978.63,38960959.605642885,126411437451912.0,722653863.6004148,10.683333333333334,1.5837053130434784,524379.0,2916.817391304348,335434.0,0.3023111199747908
2025-06-28,107110.33,49716381.355829924,126411437451912.0,911172262.800523,8.7,1.7144309241379314,457275.0,2682.365517241379,388943.0,1.4901588685832894
2025-06-29,107334.13,57849729.577137694,118468742710105.28,995260121.1336331,5.166666666666667,1.3041026331360948,442209.0,2252.1183431952663,380608.0,1.6584631464826802
2025-06-30,108385.58,49333586.62119861,116958512019762.0,843035679.3574839,6.85,1.3772262551724137,521131.0,2339.7793103448275,339268.0,0.34898485553866104
2025-07-01,107130.31,45807660.2879142,116958512019762.0,779081248.5096745,7.875,1.4705840149253733,542508.0,2429.9477611940297,325613.0,0.6086690545766352
2025-07-02,105705.84,52803407.75673417,116958512019762.0,889547992.701345,6.766666666666667,1.3721758169934641,572880.0,2393.1176470588234,366147.0,0.5371694775725052
2025-07-03,108846.62,52184667.003364585,116958512019762.0,877919914.3653797,6.35,1.4948868476821198,571346.0,2391.0,361041.0,0.46752973238582474
2025-07-04,109636.88,54347747.508406095,116958512019761.97,924432227.709241,6.2,1.2749897798742136,527167.0,2307.377358490566,366873.0,0.32743405492690275
2025-07-05,108026.4,53453223.3439726,116958512019761.98,912804149.3732755,7.291666666666667,1.3059606496815293,426226.0,2722.6496815286623,427456.0,1.8968148319543883
2025-07-06,108243.13,54687593.79042116,116958512019761.95,930246266.8772235,11.0375,1.5143049562499993,436195.0,3165.00625,506401.0,1.91457302842678
2025-07-07,109223.78,52453309.478894114,116958512019762.0,877919914.3653797,6.416666666666667,1.2630317350993379,493343.0,2386.456953642384,360355.0,0.5374986522408713
2025-07-08,108300.56,49375267.19171441,116958512019762.0,825593561.8535358,8.05,1.4735598521126756,521277.0,2498.260563380282,354753.0,0.6025859616210218
2025-07-09,108936.26,56605834.9159897,116958512019761.9,953502423.549154,6.75,1.4577289695121955,542076.0,2711.743902439024,444726.0,0.732006545085772
2025-07-10,111305.27,60482809.52680318,116958512019761.83,994200697.7250328,7.083333333333333,1.4485132923976607,605456.0,2611.5497076023394,446575.0,0.521696917110279
2025-07-11,115993.81,55661378.165088564,116958512019762.0,872105875.197397,7.666666666666667,1.5242565666666668,626638.0,2725.0533333333333,408758.0,0.3098050900756738
2025-07-12,117562.14,56609152.581327505,123958694872574.84,918141001.6128464,7.333333333333333,1.484081067114094,501978.0,2656.0,395744.0,0.8012284610310069
2025-07-13,117446.02,53264048.43253949,126271255279307.47,859946006.057642,9.333333333333334,1.4544767299270074,466718.0,2917.963503649635,399761.0,1.1695530199689905
2025-07-14,119095.39,56958970.224478096,126271255279307.5,910161831.228891,9.583333333333334,1.5741457931034482,598435.0,3154.206896551724,457360.0,0.2007011258063852
2025-07-15,119870.73,62994556.22886511,126271255279307.56,1029424416.010608,5.525,1.4018699512195123,560371.0,2553.2743902439024,418737.0,0.24555760153354764
2025-07-16,117762.36,49061620.40880899,126271255279307.45,822284137.1792051,7.7,1.4413609541984735,542511.0,3047.297709923664,399196.0,0.32027207767706106
2025-07-17,118748.5,51923875.82709622,126271255279307.47,853669027.9112357,10.100000000000001,1.5271593161764705,594592.0,3190.029411764706,433844.0,0.17461726352764145
2025-07-18,119276.85,55577251.70091847,126271255279307.5,903884853.0824848,7.754166666666666,1.5629208194444435,580677.0,3140.0138888888887,452162.0,0.3256613655093437
2025-07-19,118019.66,55140355.74943248,126271255279307.5,891330896.7896729,8.166666666666668,1.4803667676056347,477264.0,3000.281690140845,426040.0,0.9137076397897599
2025-07-20,117923.05,55345444.39756341,126271255279307.52,935269743.8145157,6.883333333333334,1.402411248322149,455280.0,2784.691275167785,414919.0,1.4808389491637834
2025-07-21,117316.3,55845562.11065112,126271255279307.52,941546721.960922,6.725,1.4526397866666667,537794.0,2562.92,384438.0,0.3834932049385222
2025-07-22,117446.79,56703249.71929671,126271255279307.52,941546721.960922,5.316666666666666,1.4962275666666662,519024.0,2811.6666666666665,421750.0,0.4001558184486241
2025-07-23,120001.46,52375243.840705484,126271255279307.48,878776940.4968604,7.258333333333333,1.5647273357142857,535701.0,2620.1857142857143,366826.0,0.48140183867115727
2025-07-24,118780.28,55738019.27735036,126271255279307.52,922715787.5217032,6.016666666666667,1.4783350680272112,528797.0,2787.3197278911566,409736.0,0.49495958990043576
2025-07-25,118353.17,61024159.251095384,126271255279307.55,1004316503.4249833,5.841666666666667,1.6376127750000002,577530.0,2674.40625,427905.0,0.267404777722901
2025-07-26,117648.33,57613130.504926935,127540743850681.12,970032969.1338755,7.083333333333333,1.6977269738562095,491132.0,3746.8954248366013,573275.0,1.160401121856708
2025-07-27,117947.26,52743508.35291669,127620086886392.0,869131963.3112651,7.433333333333334,1.6615273576642338,457112.0,3451.78102189781,472894.0,1.5635587299352136
2025-07-28,119461.83,57401899.31434401,127620086886392.0,919884194.7454995,4.616666666666666,1.6352495103448272,529385.0,3463.806896551724,502252.0,0.4437912118884626
2025-07-29,118037.15,44261671.20515351,127620086886392.0,710531240.0792824,12.920833333333334,1.627100026785714,561483.0,3133.5714285714284,350960.0,0.3330758002292849
2025-07-30,117925.55,52500144.0726225,127620086886392.0,869131963.3112651,6.25,1.5973911532846723,554145.0,3090.021897810219,423333.0,0.5000150778841185
2025-07-31,117828.87,57319369.463227905,127620086886392.0,976980455.1090133,5.2875,1.620939720779221,584264.0,3150.746753246753,485215.0,0.5872990740391898
2025-08-01,115754.1,56353797.87732009,127620086886392.0,957948368.3211753,7.35,1.785556947019868,636772.0,2651.5562913907283,400385.0,0.363625359678826
2025-08-02,113262.81,52630766.709140696,127620086886392.0,919884194.7454995,6.016666666666667,2.2027598413793092,526686.0,2136.158620689655,309743.0,1.666968279920146
2025-08-03,112521.7,58460508.735578604,127620086886392.0,983324484.0382924,3.9,2.0265893999999993,462597.0,1828.8967741935485,283479.0,1.5579654052369465
2025-08-04,114226.86,63216750.855126135,127620086886392.0,1084828946.9067616,3.4166666666666665,1.5556630175438593,542397.0,2592.40350877193,443301.0,0.5336655377227515
2025-08-05,115068.27,49657668.28134079,127620086886392.0,875475992.2405444,6.7,1.6629389782608694,569616.0,2981.1521739130435,411399.0,0.53319079798778
2025-08-06,114138.05,52223364.3962656,127620086886392.0,913540165.8162203,6.816666666666666,1.514203520833333,665517.0,3445.8888888888887,496208.0,0.6821317125586833
2025-08-07,115024.46,59669628.45612645,127620086886392.0,1021388657.6139685,7.3,1.6189676583850936,634516.0,3510.55900621118,565200.0,0.6647584897283665
2025-08-08,117510.56,50684514.53970229,127818825794488.94,870485436.2761792,7.75,1.5396454379562043,749938.0,3465.6788321167883,474798.0,0.4763210460505994
2025-08-09,116676.54,43614181.876055986,129435235580344.62,746374213.3917352,11.191666666666666,1.6077733534482759,591211.0,3242.4224137931033,376121.0,1.0940130683468707
2025-08-10,116485.38,51005043.20194832,129435235580344.53,868625162.1369333,6.866666666666666,1.6829896370370365,489536.0,2966.4222222222224,400467.0,1.1976873705143845
2025-08-11,119295.42,55915983.724809095,129435235580344.48,945836287.6602162,5.383333333333334,1.6608353741496606,552696.0,3058.7278911564626,449633.0,0.4771403555647157
2025-08-12,118715.93,53843540.11236853,129435235580344.53,881493683.0574806,6.125,1.5707825766423353,543783.0,2679.29197080292,367063.0,0.4682599740748925
2025-08-13,120169.3,60045859.57365181,129435235580344.47,1003744631.8026783,4.9875,1.5581197307692303,562007.0,2827.525641025641,441094.0,0.46588868158275554
2025-08-14,123359.45,61609577.20507048,129435235580344.44,1042350194.56432,6.466666666666667,1.5879334382716048,630373.0,2988.179012345679,484085.0,0.4274429470699495
2025-08-15,118387.9,51476198.521993086,129435235580344.53,862190901.6766596,6.283333333333333,1.5938138432835822,555918.0,3211.9776119402986,430405.0,0.36723453174836845
2025-08-16,117419.5,56291249.48949163,129435235580344.47,978007589.9615842,3.333333333333333,1.665970480263158,475351.0,2642.8026315789475,401706.0,1.0225529722358764
2025-08-17,117484.12,57118058.45187763,129435235580344.47,978007589.9615842,1.2916666666666665,1.5239586842105262,434867.0,2900.5197368421054,440879.0,1.2328049595265946
2025-08-18,117455.5,57700190.9822444,129435235580344.47,990876110.8821313,3.208333333333333,1.5628293246753249,506163.0,3104.5714285714284,478104.0,0.5315760494314062
2025-08-19,116251.12,49935656.50295718,129435235580344.53,862190901.6766596,6.033333333333333,1.7399857313432838,508055.0,3077.7388059701493,412417.0,0.34577017235894053
2025-08-20,112816.34,51965866.520033605,129435235580344.52,907230724.8985746,5.883333333333334,1.609660631205673,534876.0,3013.255319148936,424869.0,0.4413293923361338
2025-08-21,114263.31,55379284.1129266,129435235580344.48,958704808.5807632,5.283333333333333,1.5985631342281879,536698.0,3005.1476510067114,447767.0,0.3955145517120775
2025-08-22,112432.68,53263914.816695295,129460543109965.75,939585701.641628,5.104166666666667,1.6326628493150686,559414.0,3148.746575342466,459717.0,0.3474782382053803
2025-08-23,116866.95,55282142.914973006,129699156960680.47,980001769.6141683,3.625,1.585786625,487009.0,3072.8947368421054,467080.0,0.6823980480463427
2025-08-24,115372.47,61885477.45943765,129699156960680.44,1057370330.3731811,1.2583333333333333,1.5772542865853663,443678.0,3206.6463414634145,525890.0,0.5609426146290694
2025-08-25,113468.36,51120833.63289729,129699156960680.52,909080588.9184059,3.8833333333333333,1.5999791347517733,525919.0,3419.340425531915,482127.0,0.44141267655678534
2025-08-26,110138.68,56297907.75003928,129699156960680.48,967107009.4876657,3.7249999999999996,1.6423185999999994,528702.0,3044.0333333333333,456605.0,0.449681583779173
2025-08-27,111803.49,54198229.94353496,129699156960680.48,967107009.4876657,3.533333333333333,1.587194126666667,526965.0,3328.5066666666667,499276.0,0.5248225236460523
2025-08-28,111252.32,57745298.994550705,129699156960680.45,1025133430.0569257,3.433333333333333,1.5770443710691824,547915.0,3620.2012578616354,575612.0,0.5517365976149935
2025-08-29,112572.88,58475677.66527168,129699156960680.44,1063817710.4364324,3.05,1.5111002727272735,597526.0,3613.072727272727,596157.0,0.25418163322223325
2025-08-30,108370.55,54713066.34255501,129699156960680.45,1018686049.9936746,0.058333333333333334,1.4566713734177217,495905.0,3977.9303797468356,628513.0,0.5965900339587272
2025-08-31,108790.79,46665914.96970029,129699156960680.55,851054168.3491462,2.575,1.3953556818181816,446532.0,3582.6363636363635,472908.0,1.0087743573960835
2025-09-01,108234.82,58509888.881842114,129699156960680.45,1038028190.1834283,6.883333333333334,1.6122321863354034,521197.0,3718.9875776397516,598757.0,0.5926471241277057
2025-09-02,109250.51,61013436.12510861,129699156960680.44,1050922950.3099302,3.533333333333333,1.5512578404907982,544795.0,3635.9447852760736,592659.0,0.5318096742009816
2025-09-03,111202.95,49232179.806125626,129699156960680.53,883291068.6654017,7.116666666666666,1.553846927007299,541497.0,3001.2627737226276,411173.0,0.44806709092577673
2025-09-04,111737.55,50416444.85079042,129699156960680.52,902633208.8551546,6.808333333333334,1.5226124428571424,540435.0,2822.7214285714285,395181.0,0.46733996044824205
2025-09-05,110732.71,54223984.82193413,134709652731984.95,957592801.7399701,6.85,1.5636690279720287,587857.0,2912.111888111888,416432.0,0.41910834483092446
2025-09-06,110657.04,51557818.35938023,136039872848260.48,946761026.3534616,3.075,1.514811757142857,481276.0,3150.25,441035.0,1.4999346606230028
2025-09-07,110231.14,53775093.15064921,136039872848260.44,1041437128.988808,1.475,1.5456429415584405,458587.0,3806.987012987013,586276.0,2.071326999971349
2025-09-08,111175.46,59163170.858251974,136039872848260.42,1082012601.5468137,2.166666666666667,1.5250316499999996,511832.0,3549.5875,567934.0,0.7722235521518235
2025-09-09,112078.8,59621353.915624365,136039872848260.4,1129350652.8644862,2.6666666666666665,1.458394335329342,549610.0,3709.6646706586826,619514.0,0.5597087846017976
2025-09-10,111523.15,61107717.83874749,136039872848260.4,1149638389.1434891,0.38333333333333336,1.526476305882353,542027.0,3783.758823529412,643239.0,0.5539238578442389
2025-09-11,113969.34,55434703.508697584,136039872848260.45,1014386813.9501374,3.075,1.5002413133333337,537753.0,3989.786666666667,598468.0,0.42913763619620465
2025-09-12,115517.68,45996051.3087754,136039872848260.56,811509451.1601102,7.158333333333333,1.6223316,543345.0,3304.275,396513.0,0.33238241257045065
2025-09-13,116105.02,56615798.65069372,136039872848260.48,953523605.1131293,3.7666666666666666,1.5886562978723398,526152.0,3780.9078014184397,533108.0,0.977981847173826
2025-09-14,115965.47,58590040.977576114,136039872848260.44,1034674550.2291405,2.0833333333333335,1.6307628496732034,494770.0,3491.4901960784314,534198.0,1.5029691103909164
2025-09-15,115384.69,60079253.51947369,136039872848260.42,1102300337.8258162,1.9333333333333333,1.4895045950920243,549560.0,3283.153374233129,535154.0,0.47353474227837694
2025-09-16,115402.4,59237319.60654769,136039872848260.42,1082012601.5468137,3.9416666666666664,1.5766841812499999,546260.0,3353.95625,536633.0,0.5378090565853586
2025-09-17,116797.5,58799712.10291436,136039872848260.53,865610081.2374508,8.225,1.5138621484374994,517428.0,2835.2578125,362913.0,0.4536227473971591
2025-09-18,116453.08,60565164.56275341,138473205347661.55,1087599379.1411881,4.291666666666666,1.4849593670886079,536964.0,2838.740506329114,448521.0,0.44826636415747356
2025-09-19,117128.97,65203654.13159877,142342602928675.62,1188749380.7897809,4.2125,1.513931482142857,553195.0,2847.095238095238,478312.0,0.5470651348094829
2025-09-20,115691.4,56549857.186625816,142342602928675.6,1082611043.2192645,3.3,1.4853958169934636,535837.0,3258.4901960784314,498549.0,0.8690792769825543
2025-09-21,115751.15,59677110.55222099,142342602928675.6,1146294045.7615743,2.275,1.4102535925925928,467555.0,3169.6913580246915,513490.0,1.6947290916653266
2025-09-22,115317.03,54197851.96025491,142342602928675.56,1061383375.7051616,3.9416666666666664,1.5695040333333343,515742.0,3045.3133333333335,456797.0,0.3512382999625421
2025-09-23,112752.31,51049596.047497146,142342602928675.56,1018928040.676955,2.55,1.531009361111111,506650.0,3444.0763888888887,495947.0,0.38153363344906704
2025-09-24,112010.28,55101523.83746149,142342602928675.6,1082611043.2192645,2.7666666666666666,1.4356310065359468,502339.0,3417.8823529411766,522936.0,0.49955505081621127
2025-09-25,113316.86,50173577.36223641,142342602928675.53,997700373.1628518,5.3,1.472751425531915,542099.0,3061.8794326241136,431725.0,0.3520469493491728
2025-09-26,109036.72,49131500.76535409,142342602928675.5,934017370.6205422,6.791666666666666,1.510291954545455,553168.0,3174.8333333333335,419078.0,0.2896397908766956
2025-09-27,109698.86,57571424.46552212,142342602928675.6,1096762821.5620003,1.8666666666666667,1.4457490129032258,484214.0,3394.2967741935486,526116.0,0.990180823731424
2025-09-28,109688.85,57694137.5158762,142342602928675.62,1167521713.2756777,0.4166666666666667,1.3946476242424253,458537.0,3851.0545454545454,635424.0,1.2725666588910192
2025-09-29,112177.12,52005476.55065172,142342602928675.53,990624483.9914839,4.741666666666667,1.4245063214285718,521335.0,3174.714285714286,444460.0,0.4186627578567586
2025-09-30,114404.31,59806339.233965605,142342602928675.6,1139218156.5902066,3.6,1.4217678447204969,561370.0,3449.447204968944,555361.0,0.3189252747662765
2025-10-01,114034.76,58814143.62506912,143468018096518.75,1076906913.283782,5.766666666666667,1.5156468013245037,577245.0,3138.2781456953644,473880.0,0.32829657979968535
2025-10-02,118617.71,52703238.64085598,150839487445891.56,1019764936.475331,8.254166666666666,1.4516989411764705,595776.0,2805.779411764706,381586.0,0.28485417804900115
2025-10-03,120627.96,45203497.90500219,150839487445891.5,884796047.8241848,9.233333333333334,1.5830318898305091,595427.0,3285.813559322034,387726.0,0.19547793898910643
2025-10-04,122282.99,54672826.381599,150839487445891.56,1004768393.2918702,7.0,1.4648617089552236,544104.0,3149.4850746268658,422031.0,0.645025094616344
2025-10-05,122433.34,61639031.92476243,150839487445891.6,1117242467.1678262,2.7666666666666666,1.4561148859060413,497949.0,3525.986577181208,525372.0,0.7951079981837995
2025-10-06,123519.47,48326772.4491213,150839487445891.5,922287405.7828363,7.083333333333333,1.5358988617886178,550307.0,3506.2926829268295,431274.0,0.2863909094069595
2025-10-07,124776.68,54530174.102237426,150839487445891.56,1034761479.6587919,6.166666666666666,1.6251317028985515,561921.0,3119.5072463768115,430492.0,0.280635336949498
2025-10-08,121425.01,58604481.531066805,150839487445891.6,1109744195.5760958,5.941666666666666,1.4909487499999998,546778.0,2888.337837837838,427474.0,0.30829815691748164
2025-10-09,123341.25,46140046.75896492,150839487445891.5,899792591.007645,8.55,1.4891704833333328,543331.0,3064.85,367782.0,0.3038844526138837
2025-10-10,121684.39,50087834.21199739,150839487445891.53,989771850.1084098,7.833333333333333,1.5446489621212114,584389.0,3167.840909090909,418155.0,0.32574174474240647
2025-10-11,113139.0,53304513.956858695,150839487445891.6,1102245923.9843652,7.733333333333333,1.5295576258503403,546781.0,3021.0,444087.0,0.38129668018979657
2025-10-12,110787.57,52631008.27803633,150839487445891.6,1087249380.8009045,7.466666666666667,1.4769286068965517,465507.0,3196.462068965517,463487.0,0.9467264592318309
2025-10-13,115105.0,55772581.81280702,150839487445891.6,1139737281.943017,8.191666666666666,1.4778943815789476,504968.0,3234.0263157894738,491572.0,0.6147798997154132
2025-10-14,115216.47,62702029.02424291,150839487445891.66,1267207899.0024335,8.2,1.4224675680473382,524219.0,3330.1242603550295,562791.0,0.32028924441250844
2025-10-15,113092.61,56483930.76401499,150839487445891.6,1079751109.2091742,7.429166666666667,1.4411117222222225,542831.0,3335.027777777778,480244.0,0.258457714803168
2025-10-16,110784.88,53836990.62783982,147821025461003.97,1124278123.987008,8.25,1.4887701895424839,556999.0,3250.9803921568628,497400.0,0.4084029735434775
2025-10-17,108192.62,55014779.838728644,146716052770107.6,1159633832.2093213,8.741666666666667,1.4164826163522013,591614.0,3019.2955974842766,480068.0,0.341756726545876
2025-10-18,106466.05,55526576.457383774,146716052770107.62,1203393599.4625034,11.325,1.466007151515151,481991.0,3418.2909090909093,564018.0,1.0479815603328404
2025-10-19,107209.72,47138834.98135011,146716052770107.53,1013767941.3653816,10.8,1.5296120215827338,443995.0,3188.8705035971225,443253.0,0.9385219419670545
2025-10-20,108688.24,57476921.76238207,146716052770107.56,1086700886.7873514,9.0,1.4800193557046974,507550.0,2850.020134228188,424653.0,0.480937006896918
2025-10-21,110576.7,53878170.125397824,146716052770107.56,1093994181.3295484,8.408333333333333,1.4864268866666663,538842.0,2860.26,429039.0,0.36034960854824494
2025-10-22,108448.06,54748141.490670696,146716052770107.6,1115874064.956139,8.1,1.453998516339869,507518.0,3197.0,489141.0,0.35873893857254163
2025-10-23,107614.03,48853931.9317649,146716052770107.56,1035647824.9919723,9.833333333333334,1.4771010070422539,527286.0,3001.830985915493,426260.0,0.4008951081977917
2025-10-24,110082.72,67896489.5775563,146716052770107.66,1305499723.053261,8.566666666666666,1.4150972122905032,546753.0,3191.1284916201116,571212.0,0.5468391240020164
2025-10-25,111020.53,58063431.451331414,146716052770107.6,1166927126.751518,10.391666666666666,1.5449332874999997,461245.0,3152.49375,504399.0,1.19039443806672
2025-10-26,111637.64,52688113.772418,146716052770107.56,1072114297.7029574,9.166666666666666,1.4508121632653062,433092.0,3546.4489795918366,521328.0,0.7694969656556938
2025-10-27,114531.59,55381422.5990335,146716052770107.56,1072114297.7029574,9.766666666666667,1.5485159931972787,522563.0,3451.3537414965986,507349.0,0.3438189705570434
2025-10-28,114121.46,59559818.98605979,146716052770107.6,1181513715.835912,8.708333333333332,1.4871308271604926,504390.0,3238.932098765432,524707.0,0.41190789508207853
2025-10-29,112923.91,46366755.927553706,152059512438753.47,929747081.6588961,10.283333333333333,1.4949579268292679,517043.0,3187.2195121951218,392028.0,0.35655359618152715
2025-10-30,110068.52,59014847.657342404,155973032196072.0,1240553837.6668227,8.925,1.4591251374999998,540811.0,3462.8625,554058.0,0.406604426404889
2025-10-31,108303.21,49097139.10761869,155973032196072.0,1085484607.9584696,10.416666666666666,1.5636110357142858,572374.0,3286.1642857142856,460063.0,0.3229300957357641
2025-11-01,109552.54,48497027.14215949,155973032196072.0,1069977684.9876347,9.766666666666667,1.6664064637681164,498680.0,2835.6521739130435,391320.0,0.6853729282126065
2025-11-02,110047.16,57248581.06084638,155973032196072.0,1201786530.2397344,7.308333333333334,1.513470980645161,446508.0,2632.851612903226,408092.0,1.732272572304096
2025-11-03,110601.99,50213843.6104412,155973032196072.0,1100991530.929305,9.266666666666666,1.5669393309859152,547702.0,3152.8380281690143,447703.0,0.3514186440092143
2025-11-04,106533.38,44261372.2975437,155973032196072.0,1015703454.5897113,9.0,1.5164099389312984,582796.0,2870.1068702290077,375984.0,0.2523162978848795
2025-11-05,101523.49,48614915.985910416,155973032196072.0,1069977684.9876347,9.366666666666667,1.5664302391304348,550413.0,2870.086956521739,396072.0,0.3622593065133402
2025-11-06,103883.58,47273620.26287099,155973032196072.0,1085484607.9584696,9.191666666666666,1.4547643857142858,534781.0,2973.4142857142856,416278.0,0.3023207979784997
2025-11-07,101282.56,46148651.64133788,155973032196072.0,1100991530.929305,11.383333333333333,1.5706490211267612,569444.0,3353.8380281690143,476245.0,0.21502714933064243
2025-11-08,103328.81,38668844.67289409,155973032196072.0,930415378.2501172,10.366666666666667,1.4899085166666672,470481.0,2928.5,351420.0,0.8854506433913395
2025-11-09,102280.42,45526140.89176192,155973032196072.0,1093238069.4438875,10.866666666666667,1.4927761560283688,442498.0,3307.425531914894,466347.0,1.4843484957487736
2025-11-10,104712.19,48089956.88308448,155973032196072.0,1085484607.9584696,10.845833333333333,1.5237032857142856,526898.0,3211.3785714285714,449593.0,0.41874245355577344
2025-11-11,105962.29,52980490.17789942,155973032196072.0,1186279607.2688992,9.783333333333333,1.5022041830065362,506473.0,3149.9934640522874,481949.0,0.48379339452906045
2025-11-12,103017.87,46339949.39854222,155027936004971.75,1086613750.3494294,9.25,1.518468042553192,504920.0,3198.744680851064,451023.0,0.43696505910210476
2025-11-13,101659.07,48630916.473970026,,,,,,,,0.3715683914982033
2025-11-14,99675.15,46392333.27877709,,,,,,,,0.19031112357712174
2025-11-15,94399.23,44397206.72613286,,,,,,,,0.7864909794621726
2025-11-16,95534.16,51839181.95550078,152271405447596.38,1203542966.8475492,14.433333333333334,1.5470192012578614,454407.0,3659.446540880503,581852.0,1.0853908958450207
2025-11-17,94187.75,37623941.963384494,152271405447596.47,938612125.0886546,13.983333333333333,1.6296327983870966,515090.0,3351.1532258064517,415543.0,0.19510872259976883
2025-11-18,92093.24,39760940.62876144,152271405447596.44,1006737198.683799,9.25,1.5420716992481203,517212.0,2385.2556390977443,317239.0,0.18402841069479106
2025-11-19,92979.11,41686318.65990569,152271405447596.44,1037015009.1705301,9.35,1.5538528248175183,535320.0,2640.810218978102,361791.0,0.2385952119153114
2025-11-20,91453.07,37391178.738754086,152271405447596.47,991598293.4404337,9.766666666666667,1.6422474045801525,545087.0,2762.557251908397,361895.0,0.24636455624717885
2025-11-21,86467.17,41307351.470361225,152271405447596.4,1142987345.8740876,7.583333333333333,1.5499346754966894,603204.0,2736.8675496688743,413267.0,0.1895148165411151
2025-11-22,85096.82,38587770.65295698,152271405447596.4,1082431724.900626,10.933333333333334,1.4938893846153851,485120.0,3303.090909090909,472342.0,0.06608776672625999
2025-11-23,84677.63,39803642.23436507,152271405447596.44,1074862272.2789433,6.933333333333334,1.5849713661971827,442816.0,2233.612676056338,317173.0,0.22168869944115538
2025-11-24,86786.92,40374787.099114954,152271405447596.4,1082431724.900626,8.325,1.5760912867132868,503446.0,2798.076923076923,400125.0,0.286094068508453
2025-11-25,88276.26,32874235.57422186,152271405447596.53,870487051.4935104,13.916666666666666,1.578018591304348,513166.0,3050.6521739130435,350825.0,0.29850584649365286
2025-11-26,87330.85,48827581.66636605,152271405447596.38,1241390229.9559624,8.675,1.604467841463415,535443.0,2908.7926829268295,477042.0,0.5305031893207587
2025-11-27,90517.55,45073841.77706884,149321976585489.47,1061465507.6302311,8.375,1.548441972027972,525809.0,2823.951048951049,403825.0,0.497368707625696
2025-11-28,91305.47,43668909.077361286,149301205959700.0,1113270480.6428328,11.475,1.5340384133333331,543603.0,3411.2733333333335,511691.0,0.45028905988918955
2025-11-29,90915.26,40823502.876211286,149301205959700.0,1016787038.987121,9.741666666666667,1.5935075328467156,475990.0,2924.8394160583944,400703.0,1.1490265965413629
2025-11-30,90830.82,50114996.21209714,149301205959700.0,1239441135.1156871,7.35,1.6096999101796403,450764.0,3099.005988023952,517534.0,1.4149296062068148
2025-12-01,90376.43,37889948.704963274,149301205959700.0,987099826.1699785,9.816666666666666,1.5683729624060156,557926.0,3023.4812030075186,402123.0,0.28201066972307526
2025-12-02,86316.42,37209087.675037675,149301205959700.0,942569006.9442655,11.583333333333334,1.5904132362204724,546016.0,3249.212598425197,412650.0,0.3430783367082928
2025-12-03,91320.47,40366905.180626564,149301205959700.0,979678022.9656931,10.875,1.510216265151515,542787.0,3254.7272727272725,429624.0,0.3226931694684607
2025-12-04,93468.15,38650213.12878416,149301205959700.0,979678022.9656931,10.654166666666667,1.5589369924242424,540083.0,3137.189393939394,414109.0,0.4768298964464888
2025-12-05,92141.99,35290934.7860603,149301205959700.0,883194581.309981,9.783333333333333,1.572362966386555,534245.0,2994.36974789916,356330.0,0.34326408252111146
2025-12-06,89343.14,47551994.39825927,149301205959700.0,1209753922.2985451,9.575,1.4321202453987731,465393.0,3233.5030674846626,527061.0,1.5617529598878785
2025-12-07,89230.51,46180600.132956564,149301205959700.0,1187488512.6856885,8.591666666666667,1.5193290999999998,438543.0,3394.94375,543191.0,1.8458316135807535
2025-12-08,90455.3,42346198.7392924,149301205959700.0,1098426874.2342618,8.933333333333334,1.5358437364864868,477476.0,3920.7635135135133,580273.0,0.31406544038527884
2025-12-09,90643.57,38202403.79200807,149301205959700.0,957412613.3528363,10.9,1.5718987906976756,507794.0,3480.3178294573645,448961.0,0.39400611163351035
2025-12-10,92703.59,46194650.58886004,149301205959700.0,1150379496.6642606,8.433333333333334,1.5262322000000006,511694.0,3551.5032258064516,550483.0,0.3919797967034316
2025-12-11,91985.09,45569903.27880048,148347367796634.94,1179902024.3226545,9.179166666666667,1.5479402125000001,513356.0,2955.35625,472857.0,0.4244231227318485
2025-12-12,92497.93,45186891.408350185,148195306640204.4,1068190154.3848839,8.1,1.5977671448275859,537832.0,2876.903448275862,417151.0,0.41827225836214416
2025-12-13,90269.59,41126223.45601717,148195306640204.4,1053456497.083023,10.616666666666667,1.586394188811189,463369.0,3467.993006993007,495923.0,1.0236124413455712
2025-12-14,90280.87,36576336.1609944,148195306640204.47,942954067.3190697,11.4375,1.4492614218749995,429658.0,3255.359375,416686.0,1.2839733256341854
2025-12-15,88166.45,38200148.6397923,148195306640204.44,987155039.2246507,10.683333333333334,1.5291941940298508,507663.0,3159.365671641791,423355.0,0.45589884484437593
2025-12-16,86422.9,42372123.497608654,148195306640204.4,1082923811.686744,9.066666666666666,1.4862120272108836,507318.0,3018.598639455782,443734.0,0.40232682629100375
2025-12-17,87835.39,39521708.66966769,148195306640204.44,1016622353.8283721,10.954166666666666,1.5104421594202893,511367.0,3235.5942028985505,446512.0,0.31643107815958027
2025-12-18,86132.82,39870185.26024819,148195306640204.4,1060823325.7339536,9.904166666666667,1.5438726319444445,518421.0,3221.3958333333335,463881.0,0.40481897524907584
2025-12-19,85458.35,41624840.89061918,148195306640204.4,1068190154.3848839,9.191666666666666,1.5370681862068964,556166.0,2994.344827586207,434180.0,0.46407662169312275
2025-12-20,88098.82,40764665.21079847,148195306640204.4,1082923811.686744,8.966666666666667,1.491643278911564,488594.0,2999.292517006803,440896.0,0.819565872836422
2025-12-21,88337.41,38282066.66061573,148195306640204.44,1016622353.8283721,10.133333333333333,1.4662638695652173,436144.0,3196.3840579710145,441101.0,1.5196180797792742
2025-12-22,88615.72,40642087.56592057,148195306640204.44,1023989182.4793022,11.716666666666667,1.4905679568345314,497545.0,3073.9352517985612,427277.0,0.46076276621078505
2025-12-23,88485.37,40027962.17182731,148195306640204.4,1068190154.3848839,9.733333333333333,1.47643055862069,520980.0,2972.441379310345,431004.0,0.3284949026545874
2025-12-24,87424.67,45269766.079836465,148195306640204.38,1171325755.4979067,8.7,1.588491088050315,513917.0,3152.5471698113206,501255.0,0.3935090354656246
2025-12-25,87607.78,40816647.87350074,148246540322167.56,1016973817.768314,10.083333333333332,1.5509371304347832,431619.0,3362.514492753623,464027.0,1.349547675206444
2025-12-26,87223.66,45337497.94168463,148258433855480.38,1149714808.6043208,9.675,1.472723487179487,477921.0,3314.602564102564,517078.0,0.47975062160185555
2025-12-27,87300.34,37966099.35216447,148258433855480.44,1002315474.1678696,11.833333333333334,1.5765772720588236,457336.0,3462.595588235294,470913.0,1.1307967710988798
2025-12-28,87790.37,44392018.14136716,148258433855480.38,1142344841.882498,12.416666666666666,1.489781883870967,435884.0,3509.625806451613,543992.0,2.1031516060877555
2025-12-29,87835.12,44333071.48601913,148258433855480.38,1134974875.1606758,10.741666666666667,1.564140298701299,516338.0,3553.6493506493507,547262.0,0.2464749954518343
2025-12-30,87123.05,32980772.1386752,148258433855480.5,877026039.8968855,12.133333333333333,1.5496367563025217,539847.0,3105.0336134453783,369499.0,0.27004124286711434
2025-12-31,88423.54,39763257.030322805,148258433855480.44,980205574.0024016,10.566666666666666,1.5246401353383454,547272.0,3068.6992481203006,408137.0,0.22960664157272853
2026-01-01,87493.87,45043745.663201086,148258433855480.4,1112864974.9952078,11.108333333333333,1.4417101920529802,441382.0,3106.615894039735,469099.0,0.8247129405256
2026-01-02,88735.0,43248637.866295256,148258433855480.4,1061275207.9424502,11.183333333333334,1.4830104027777784,518434.0,3187.2569444444443,458965.0,0.48224397916314554
2026-01-03,89944.05,46119804.59737659,148258433855480.38,1142344841.882498,11.016666666666667,1.4732106709677417,473968.0,3234.0129032258064,501272.0,1.8645559300495678
2026-01-04,90590.94,42701072.629889734,148258433855480.4,1068645174.6642727,10.366666666666667,1.498825937931034,460281.0,3273.0275862068966,474589.0,1.7038107973087047
2026-01-05,91467.97,39260031.2528147,148258433855480.47,972835607.2805791,11.125,1.5822985378787884,519989.0,3103.219696969697,409625.0,0.33253986702684096
2026-01-06,93882.39,39870766.30093992,148258433855480.47,958095673.8369341,11.666666666666668,1.6353218923076929,517888.0,3268.423076923077,424895.0,0.3587318721085717
2026-01-07,93738.8,43059881.472027756,148258433855480.4,1083385108.1079175,9.65,1.6063948979591844,485087.0,2892.4557823129253,425191.0,0.43218271920275086
2026-01-08,91272.61,38242426.304593824,147108446165922.8,965289669.1289088,8.333333333333332,1.6113041893939395,476585.0,2533.4469696969695,334415.0,0.40950903901830255
2026-01-09,91030.38,43360680.846190974,146472570619931.56,1033929118.9983668,9.6,1.623150232394367,512937.0,2504.612676056338,355655.0,0.34636304758211484
2026-01-10,90495.68,47192741.628271244,146472570619931.6,1179552938.5756013,8.525,1.4948080987654335,451552.0,3017.1975308641977,488786.0,0.5810790601975467
2026-01-11,90378.79,34774842.27136028,146472570619931.47,888305299.4211321,8.925,1.7343026721311483,412668.0,2379.6475409836066,290317.0,0.6974617775536942
2026-01-12,90818.26,41898399.34618774,146472570619931.56,1033929118.9983668,9.183333333333334,1.5561016971830988,469584.0,2896.1197183098593,411249.0,0.3814447468656739
2026-01-13,91193.7,39887018.4843792,146472570619931.53,982960782.146335,7.783333333333333,1.4818057111111114,489392.0,2491.3259259259257,336329.0,0.2848657061466409
2026-01-14,95333.81,38606951.33265132,146472570619931.47,902867681.3788556,9.4,1.7229626693548394,501548.0,2615.5403225806454,324327.0,0.2956293080317284
2026-01-15,96931.94,43945622.19613658,146472570619931.53,1012085546.0617816,9.491666666666667,1.538970330935252,516730.0,2692.251798561151,374223.0,0.3289845295468412
2026-01-16,95559.97,39642363.47762159,146472570619931.5,946554827.2520258,8.091666666666667,1.5353596384615382,517080.0,2784.1769230769232,361943.0,0.42295195937851504
2026-01-17,95527.94,47584024.47027049,146472570619931.56,1084897455.850399,8.0,1.471329959731544,451781.0,2398.5973154362414,357391.0,1.5868287808756514
2026-01-18,95097.89,44190394.54358933,146472570619931.53,1019366737.0406432,7.420833333333333,1.4977083857142865,411852.0,2375.1857142857143,332526.0,1.8775599047754519
2026-01-19,93665.1,47264334.37584556,146472570619931.56,1092178646.8292608,7.766666666666667,1.8252042400000001,460095.0,2363.9666666666667,354595.0,0.9425279609372887
2026-01-20,92553.06,38654976.78246953,146472570619931.53,968398400.1886113,9.841666666666667,1.6571958872180452,466340.0,2880.812030075188,383148.0,0.39351755341501476
2026-01-21,88324.94,49726716.484967105,146472570619931.53,997523164.104058,10.683333333333334,1.6046807080291965,503455.0,3125.5109489051097,428195.0,0.37135718819686075
2026-01-22,89374.74,46464034.7438881,145428122097676.8,1163912656.954194,8.166666666666666,1.642816602484472,478520.0,2882.2360248447203,464040.0,0.43963585536334904
2026-01-23,89461.76,42235350.854145795,141668107417558.16,985930374.4704596,9.016666666666666,1.581108514285714,500192.0,3118.307142857143,436563.0,0.6038123114613719
2026-01-24,89506.0,28729263.387003347,141668107417558.0,690151262.1293219,11.441666666666666,1.5035057244897958,421686.0,2950.4489795918366,289144.0,1.3575698573053667
2026-01-25,89082.07,33814304.70026576,141668107417558.0,760574860.3057833,13.966666666666667,1.6344209537037035,419735.0,2915.925925925926,314920.0,0.852391077588872
2026-01-26,86570.94,38079554.19167753,141668107417558.0,873252617.3881215,11.695833333333333,1.6762213467741938,465362.0,3245.4193548387098,402432.0,0.49571039181335075
2026-01-27,88245.67,35583755.74561265,141668107417558.0,859167897.7528292,9.716666666666667,1.5916731311475418,475414.0,2969.8934426229507,362327.0,0.5864409224390321
2026-01-28,89117.06,33247869.895025924,141668107417558.0,774659579.9410756,12.649999999999999,1.6238374181818183,485652.0,3055.409090909091,336095.0,0.3824425357907892
2026-01-29,89159.85,37218185.03085007,141668107417558.0,901422056.6587061,9.375,1.5935508828125002,521611.0,3349.4140625,428725.0,0.38020130665157226
2026-01-30,84563.4,34377746.2435277,141668107417558.03,922549136.1116446,9.633333333333333,1.6849447022900768,580888.0,2906.8396946564885,380796.0,0.23163030834999926
2026-01-31,84120.31,39614296.16231698,141668107417558.16,971845654.8351676,9.3,1.566354217391304,527605.0,2937.695652173913,405402.0,0.4611993535470731
2026-02-01,78585.89,31663403.11907942,141668107417558.0,838040818.299891,10.7,1.5302718655462186,467476.0,2964.529411764706,352779.0,0.40352144305750914
2026-02-02,76879.64,29869870.07014526,141668107417558.0,830998458.4822448,12.116666666666667,1.551535,521176.0,3028.1610169491523,357323.0,0.1904875423602911
2026-02-03,78679.78,32668904.952233184,141668107417558.06,929591495.9292907,10.266666666666667,1.637475015151515,550746.0,3298.9469696969695,435461.0,0.2448133733676421
2026-02-04,75631.64,35594652.764567286,141668107417558.2,1000015094.105752,11.35,1.7287062605633807,532371.0,2895.9014084507044,411218.0,0.25409150916522427
2026-02-05,73004.18,28340233.43093726,141668107417558.0,894379696.8410602,8.95,1.6010888661417328,619296.0,3027.952755905512,384550.0,0.13406418512217677
2026-02-06,62812.06,31304063.408903655,141668107417558.25,1021142173.5586905,9.3,1.6471279862068975,646236.0,2828.6689655172413,410157.0,0.165616583575497
2026-02-07,70520.32,37922804.35860754,135289579351472.34,1116396723.6283798,8.725,1.535928361445783,481546.0,2978.9578313253014,494507.0,0.619357507005202
2026-02-08,69282.65,39307842.46530021,125864590119494.31,1063649660.9826868,7.583333333333333,1.440529270588235,442633.0,2983.5941176470587,507211.0,0.9262368922385481
2026-02-09,70284.84,37701555.88624861,125864590119494.23,1019852322.0010467,7.483333333333333,1.6710258650306746,481228.0,2466.3374233128834,402013.0,0.3171353340151327
2026-02-10,70131.23,31805766.029373445,125864590119494.0,900973830.4794525,9.258333333333333,1.765306020833333,486763.0,2680.0555555555557,385928.0,0.33312767042687785
2026-02-11,68794.25,33745569.9783912,125864590119494.17,982311745.7310699,8.283333333333333,1.711090834394904,490231.0,2899.248407643312,455182.0,0.3974162893997032
2026-02-12,66979.72,39717969.33809671,125864590119494.38,1107446999.964327,7.316666666666666,1.5807444350282496,504187.0,2739.762711864407,484938.0,0.4110999854959016
2026-02-13,66205.98,33812197.60598131,125864590119494.1,944771169.4610924,8.516666666666667,1.5788031920529804,521603.0,3508.2781456953644,529750.0,0.3674711925111203
2026-02-14,68851.99,38825294.198482804,125864590119494.27,1038622610.1360354,8.0,1.653439891566266,458016.0,3237.3132530120483,537394.0,1.011067712415018
2026-02-15,69754.68,44747462.56810828,125864590119494.53,1232582254.1975844,5.983333333333333,1.5573852588832486,399280.0,3563.2944162436547,701969.0,2.318921529976646
2026-02-16,68784.72,41514137.47269212,125864590119494.36,1094933474.5410013,7.666666666666667,1.6314639142857141,440304.0,3006.062857142857,526061.0,0.8844334592836096
2026-02-17,68840.26,35705019.17228733,125864590119494.25,1032365847.4243727,12.166666666666666,1.5365569515151518,446864.0,3994.757575757576,659135.0,0.5602352596331769
2026-02-18,67459.99,33192878.56735473,125864590119494.12,957284694.8844184,8.983333333333333,1.5643017254901963,454158.0,3314.6601307189544,507143.0,0.5798926534061
2026-02-19,66427.8,35453245.47632441,129128405963273.69,1020622252.4872998,8.833333333333334,1.5713662578616352,473222.0,3223.276729559748,512501.0,0.6333123098872285
2026-02-20,66956.88,29583415.862321332,144398401518100.47,983397435.8766681,8.358333333333333,1.5172357153284677,493761.0,3018.5547445255474,413542.0,0.279435380211109
2026-02-21,67994.8,25941681.428243037,144398401518100.53,854191933.352726,12.216666666666667,1.569643613445378,447339.0,2947.4873949579833,350751.0,1.0476462263449031
2026-02-22,67966.35,38334798.13538485,144398401518100.38,1177205689.6625803,7.033333333333333,1.4896937987804866,408828.0,3228.628048780488,529495.0,2.0767975220609523
2026-02-23,67614.9,31768274.212035805,144398401518100.44,1062356354.0857433,9.725,1.4640024797297302,458764.0,3065.3445945945946,453671.0,0.5289451944281934
2026-02-24,64619.94,34308088.5723721,144398401518100.38,1184383773.1361327,8.541666666666666,1.4887970909090902,501015.0,3435.5939393939393,566873.0,0.4441289777340643
2026-02-25,64043.32,33163205.0955439,144398401518100.4,1119781021.874162,8.045833333333334,1.4854233589743584,509923.0,3111.4166666666665,485381.0,0.4807232153110666
2026-02-26,67984.76,31242254.39746657,144398401518100.47,1004931686.2973247,9.733333333333334,1.4963321500000006,521846.0,3039.35,425509.0,0.4197202603519962
2026-02-27,67470.73,32978961.78356569,144398401518100.47,1012109769.7708769,9.991666666666667,1.503103021276595,549158.0,2946.8794326241136,415510.0,0.5688730266044542
2026-02-28,65866.66,31741956.231636845,144398401518100.44,1026465936.7179816,11.316666666666666,1.5551004685314684,498805.0,2971.3916083916083,424909.0,1.1662963603924172
2026-03-01,67006.09,32892105.20807477,144398401518100.44,1069534437.5592955,10.733333333333333,1.5561382483221475,447977.0,3105.281879194631,462687.0,1.6889966699961003
2026-03-02,65762.29,28805700.41345509,144398401518100.47,976219352.4031156,8.6125,1.495346169117648,515250.0,3105.6323529411766,422366.0,0.41148884706009287
2026-03-03,68775.78,29470007.97002152,144398401518100.47,961863185.4560106,10.5,1.7574483507462701,504537.0,2844.6716417910447,381186.0,0.3646673567811586
2026-03-04,68264.82,30908354.53628888,144398401518100.5,933150851.5618018,10.016666666666666,1.5489187230769228,516794.0,2906.246153846154,377812.0,0.2515198553592735
2026-03-05,72758.05,43517075.97550223,144553525351052.7,1192841923.7049837,7.025,1.6836532590361446,522467.0,2798.2710843373493,464513.0,0.46900167897643197
2026-03-06,70886.76,35189110.133946575,145042165424852.44,1052672432.0364789,8.816666666666666,1.492677712328767,531723.0,3031.794520547945,442642.0,0.4670258052612121
2026-03-07,68128.59,29409810.833845343,145042165424852.5,951731239.9233917,10.5125,1.5818296136363634,458399.0,3316.060606060606,437720.0,1.4472452403670284
2026-03-08,67279.51,29952835.179625377,145042165424852.47,966151410.2252611,11.333333333333332,1.536233119402985,413093.0,3384.5671641791046,453532.0,2.0121274360495622
2026-03-09,65940.8,30248754.74657433,145042165424852.47,994991750.8290006,9.858333333333334,1.5214665652173913,468702.0,3011.4202898550725,415576.0,0.43749009253095905
2026-03-10,68452.78,30958077.256941024,145042165424852.47,994991750.8290006,8.958333333333332,1.6685023478260872,484745.0,2763.050724637681,381301.0,0.4248294378548307
2026-03-11,69922.38,31500855.46140721,145042165424852.47,1002201835.9799352,9.1,1.7033269712230212,475423.0,2891.5539568345325,401926.0,0.39233796103921614
2026-03-12,70197.35,28394948.61118444,145042165424852.5,930100984.4705875,11.966666666666667,1.6151775581395347,496301.0,3482.8062015503874,449282.0,0.4648495803939673
2026-03-13,70493.61,28672340.40423705,145042165424852.53,872420303.2631093,9.316666666666666,1.5844983305785127,525035.0,3304.603305785124,399857.0,0.3710877536417306
2026-03-14,70966.24,31104411.579486884,145042165424852.5,922890899.3196526,11.433333333333334,1.5495666718749996,440249.0,3433.1796875,439447.0,1.449875192203673
2026-03-15,71218.64,28551032.51716158,145042165424852.5,901260643.8668482,11.65,1.442389440000001,406808.0,3257.656,407207.0,0.8117468072913979
2026-03-16,72819.88,31213760.461403914,145042165424852.5,901260643.8668482,11.2,1.5660743920000006,477639.0,3242.912,405364.0,0.3061501615924723
2026-03-17,74859.5,30667607.216510493,145042165424852.5,915680814.1687176,9.266666666666667,1.6794979212598429,488604.0,2936.165354330709,372893.0,0.3878624249594244
2026-03-18,73927.68,32271586.44477335,145042165424852.47,1002201835.9799352,10.683333333333334,1.4934366187050367,472748.0,3173.2805755395684,441086.0,0.5061961888580985
2026-03-19,71263.46,30093044.244407844,145042165424852.47,966151410.2252611,10.9625,1.55019776119403,486162.0,3302.768656716418,442571.0,0.5262292677653916
2026-03-20,69911.35,31876728.371480852,143950842771680.8,958881917.8174205,9.1875,1.5695882089552236,496098.0,3159.044776119403,423312.0,0.6248106219001475
2026-03-21,70507.53,31080134.511768695,133793147307543.5,917823292.9611512,8.475,1.562198731884058,458834.0,3537.9565217391305,488238.0,2.5502532086899206
2026-03-22,68890.19,35362303.26767577,133793147307543.58,1077444735.2152646,7.745833333333334,1.458155858024691,432406.0,3888.4135802469136,629923.0,0.9922927166551452
2026-03-23,67849.71,35403134.78180417,133793147307543.58,1064142948.360755,8.8375,1.6216366875000006,476303.0,3380.76875,540923.0,0.5574092931508945
2026-03-24,70885.18,29425134.82461507,133793147307543.45,831361678.4068401,9.85,1.5943315919999996,460523.0,3061.96,382745.0,0.42232394676595386
2026-03-25,70517.65,34532744.55173951,133793147307543.56,1017586694.3699718,8.666666666666666,1.5509354901960781,501248.0,3364.8366013071895,514820.0,0.4147543587967595
2026-03-26,71301.05,36135408.58812936,133793147307543.6,1097397415.4970288,9.833333333333334,1.6029883030303034,491918.0,3812.163636363636,629007.0,0.5796656341409213
2026-03-27,68779.41,32572797.449150614,133793147307543.55,1010935800.9427172,9.995833333333334,1.5578989934210528,507433.0,4372.4276315789475,664609.0,0.3764766733669864
2026-03-28,66329.87,37549561.72943241,133793147307543.61,1157255456.3423212,8.433333333333334,1.4749697241379316,432914.0,4386.80459770115,763304.0,1.3860344125980195
2026-03-29,66320.1,31332097.968298074,133793147307543.53,957728653.5246795,11.375,1.5282473888888888,382086.0,4409.388888888889,634952.0,1.582936470334347
2026-03-30,65956.94,31652198.95194288,133793147307543.5,904521506.1066417,9.683333333333334,1.6260001544117648,459981.0,3917.3529411764707,532760.0,0.43293537966057755
2026-03-31,66694.46,29208989.5260379,133793147307543.5,904521506.1066417,10.879166666666666,1.6161616176470595,485131.0,3851.110294117647,523751.0,0.3990448783313452
2026-04-01,68216.53,36946073.87653185,133793147307543.58,1077444735.2152646,9.787500000000001,1.6618466543209875,527189.0,4218.635802469136,683419.0,0.5705751867353566
2026-04-02,68099.79,32944128.014213223,133793147307543.53,964379546.9519341,9.566666666666666,1.7429542275862062,505693.0,3506.2344827586207,508404.0,0.49134968180689376
2026-04-03,66891.36,28565511.275230702,136967932957976.36,898750099.8899364,9.820833333333333,1.6508343030303025,498568.0,3477.5530303030305,459037.0,0.9499459202753073
2026-04-04,66931.75,26981692.957717586,138966872071212.53,828969681.6295495,11.8375,1.7573782916666663,430348.0,3611.4333333333334,433372.0,1.8692982257881954
2026-04-05,67286.12,36446472.64345209,138966872071212.4,1098384828.1591525,8.475,1.540044622641509,380100.0,4564.754716981132,725796.0,2.499336429064466
2026-04-06,68996.55,27896636.584679753,138966872071212.5,884234327.0715194,10.491666666666667,1.7841591640624999,447163.0,3634.8515625,465261.0,0.6404783784124544
2026-04-07,68856.54,30230835.12217497,138966872071212.47,953315133.8739818,9.608333333333334,1.614333688405797,480114.0,3905.659420289855,538981.0,0.5421630321695705
2026-04-08,71949.58,36394654.17361098,138966872071212.44,1022395940.676444,9.241666666666667,1.704851162162162,489051.0,3774.1486486486488,558574.0,0.6130879145641039
2026-04-09,71129.61,34088594.566414475,138966872071212.44,994763617.9554594,10.641666666666666,1.672366340277777,484467.0,4070.5416666666665,586158.0,0.6560242050240224
2026-04-10,71771.25,30288293.046783395,138966872071212.52,863510085.0307804,12.866666666666667,1.6723177999999996,507681.0,3587.96,448495.0,0.46654929493623637
2026-04-11,72976.07,30023283.722729884,138966872071212.52,849693923.6702881,12.466666666666667,1.6340026666666663,441709.0,3787.048780487805,465807.0,1.510585730956356
2026-04-12,73065.17,36106957.76146776,138966872071212.4,1070752505.4381678,11.233333333333333,1.6592212064516139,395725.0,4562.767741935484,707229.0,2.290614922195276
2026-04-13,70768.13,35058588.5729043,138966872071212.44,1022395940.676444,10.875,1.6518727500000003,454902.0,4331.4324324324325,641052.0,0.5285232916293281
2026-04-14,74501.01,43519231.83055178,138966872071212.39,1132925231.560384,9.65,1.7164178841463409,491023.0,3722.6524390243903,610515.0,0.35178441734225213
2026-04-15,74195.34,30137463.294372242,138966872071212.52,863510085.0307804,10.966666666666667,1.660054016,470280.0,3726.024,465753.0,0.3424725996048323
2026-04-16,74814.99,37530771.07909433,138966872071212.42,1050028263.3974293,10.325,1.679804638157894,,4146.8421052631575,630320.0,0.5497157007377409
2026-04-17,75169.74,35162805.095583595,138129851902712.73,968172577.6598405,10.266666666666667,1.5910114964539008,521678.0,3920.191489361702,552747.0,0.44384327295625037
2026-04-18,77143.43,37175673.682350546,135594876535256.44,1031290054.5634866,9.283333333333333,1.5364537908496727,439552.0,4543.509803921569,695157.0,1.342660696804262
2026-04-19,75734.7,39687112.333298646,135594876535256.44,1064992343.9283061,10.083333333333334,1.4844166645569612,396267.0,4606.284810126583,727793.0,1.3765237448905057
2026-04-20,73857.03,30691964.37339555,135594876535256.52,876259523.4853154,11.850000000000001,1.5632210307692316,464309.0,4211.738461538462,547526.0,0.27241169394231707
2026-04-21,75873.82,34607957.17180722,135594876535256.5,909961812.8501353,12.533333333333333,1.5503559111111114,478903.0,3981.4592592592594,537497.0,0.43836849573488407
2026-04-22,76353.08,32710248.88055914,135594876535256.52,882999981.3582796,13.366666666666667,1.5851376793893126,493157.0,4143.8702290076335,542847.0,0.36445827316365087
2026-04-23,78206.49,30181396.125552695,135594876535256.56,815595402.6286399,10.95,1.549204495867769,490574.0,3725.8264462809916,450825.0,0.3706915050415612
2026-04-24,78266.65,36956995.36926147,135594876535256.45,1004328223.0716305,11.383333333333333,1.568397758389262,506108.0,3957.026845637584,589597.0,0.3426269145204244
2026-04-25,77458.76,35540028.23006317,135594876535256.48,943664102.2149547,10.683333333333334,1.5857293071428573,428848.0,4151.135714285714,581159.0,1.5340805681508622
2026-04-26,77636.09,37907580.20176736,135594876535256.45,1004328223.0716305,12.766666666666667,1.5562301946308712,399528.0,4784.5906040268455,712904.0,2.3033845518736578
2026-04-27,78649.47,37153466.59126739,135594876535256.5,930183186.4690272,9.95,1.561433536231884,465611.0,4203.115942028986,580030.0,0.5585047484986665
2026-04-28,77373.46,35894449.053407766,135594876535256.48,936923644.3419911,10.3,1.7376021870503602,472688.0,4073.9136690647483,566274.0,0.5219320341228542
2026-04-29,76347.25,31123986.725846674,135594876535256.53,856038149.8664234,9.333333333333334,1.9545452283464564,482542.0,3023.165354330709,383942.0,0.46342218903530047
2026-04-30,75781.88,38381140.996294245,135594876535256.48,943664102.2149547,9.533333333333335,1.984926685714286,509941.0,2927.6714285714284,409874.0,0.48177517656130336
2026-05-01,76286.46,41497268.04635047,135594876535256.44,1064992343.9283061,9.591666666666667,1.5490841518987335,541560.0,3759.4113924050635,593987.0,0.5884790226082326
2026-05-02,78195.88,33978259.8014594,132770520277053.1,897607937.210035,11.708333333333332,1.4779240735294124,449751.0,3869.455882352941,526246.0,1.618793663265393
2026-05-03,78670.21,37957825.09103924,132472011079031.55,1000953347.145923,9.875,1.447915526315789,402346.0,3974.5526315789475,604132.0,2.1234465682900585
2026-05-04,78543.1,37802927.14645988,132472011079031.55,981197688.9785694,9.633333333333333,1.5148889261744973,485657.0,3812.0536912751677,567996.0,0.47970456796118316
2026-05-05,79827.87,41226137.29796431,132472011079031.55,987782908.3676875,9.633333333333333,1.5741005466666664,508713.0,3904.0733333333333,585611.0,0.4664798682032989
2026-05-06,80928.41,37170254.10973385,132472011079031.52,928515933.8656261,9.883333333333333,1.5488640283687942,498493.0,3736.0921985815603,526789.0,0.48133646941937075
2026-05-07,81436.54,36549027.8608138,132472011079031.52,935101153.2547442,9.933333333333334,1.5712721267605632,497326.0,3740.1971830985917,531108.0,0.49834950818389356
2026-05-08,80015.99,40423314.1434815,132472011079031.53,968027250.2003335,10.9,1.521251789115646,506524.0,3958.7482993197277,581936.0,0.6084685524268361
2026-05-09,80197.58,44584005.24631609,132472011079031.61,1126072515.5391636,9.516666666666667,1.7424674210526312,707204.0,4863.274853801169,831620.0,2.0006249839018775
2026-05-10,80672.03,39621267.16479055,132472011079031.55,987782908.3676875,14.05,1.5491312799999999,407132.0,4888.393333333333,733259.0,2.386706321567613
2026-05-11,82146.2,45135542.948139064,132472011079031.6,1086561199.204456,10.016666666666667,1.532021575757576,457665.0,4679.527272727273,772122.0,0.797990719026608
2026-05-12,81738.19,36600096.52934795,132472011079031.5,882419398.1418005,12.716666666666667,1.55728426119403,476383.0,4384.425373134329,587513.0,0.6266866317694031
2026-05-13,80491.45,38562664.84282158,132472011079031.52,915345495.0873903,12.6,1.5737229280575542,485900.0,4463.309352517986,620400.0,0.48660297470830205
2026-05-14,79285.66,39577345.88310893,132472011079031.55,994368127.7568054,11.566666666666666,1.5295621059602649,489856.0,4533.437086092716,684549.0,0.5203816598947514
2026-05-15,81067.56,37584497.72878831,133698270184941.83,963695673.6867331,10.933333333333334,1.571166137931035,525031.0,4266.324137931035,618617.0,0.3735248230046784
2026-05-16,79063.02,39142248.12923508,136607070854775.55,1025406923.151223,12.2,1.5876835430463572,445624.0,4502.834437086092,679928.0,1.861819372662311
2026-05-17,78140.84,40697281.89198457,136607070854775.52,950708405.5706699,10.85,1.5551102357142852,396443.0,4323.664285714286,605313.0,2.229958943989526
2026-05-18,77409.45,36727998.61930419,136607070854775.52,950708405.5706699,12.016666666666666,1.5758107857142862,474167.0,4291.957142857143,600874.0,0.4949888999056297
2026-05-19,76947.45,36712345.59041001,136607070854775.52,964289954.2216796,12.625,1.5758039436619722,469682.0,4352.915492957746,618114.0,0.4461477160512035
2026-05-20,76752.77,40285580.87419021,136607070854775.55,1032197697.4767272,10.175,1.5435112697368423,473582.0,4450.256578947368,676439.0,0.5302100761920114
2026-05-21,77463.34,32977144.973637983,136607070854775.47,862428339.3391081,12.183333333333334,1.587066,484958.0,4240.228346456693,538509.0,0.6584994048930928
2026-05-22,77538.22,38731739.16575614,136607070854775.56,1059360794.7787467,11.266666666666666,1.550106237179487,547131.0,4542.48717948718,708628.0,0.6748118494903246
2026-05-23,75460.93,40896180.634492286,136607070854775.58,1113686989.3827848,12.208333333333332,1.464137945121951,439350.0,4468.567073170731,732845.0,1.319279225521515
2026-05-24,76673.89,33551122.24949937,136607070854775.48,889591436.6411269,14.916666666666666,1.5791078702290087,387403.0,4796.580152671756,628352.0,1.3745015180318292
2026-05-25,76985.38,41619889.269138455,136607070854775.6,1120477763.7082896,10.533333333333333,1.5678497151515154,430908.0,4739.357575757575,781994.0,1.2423416195097101
2026-05-26,77284.84,34580370.49577967,136607070854775.52,943917631.2451651,11.7,1.6215218057553953,464460.0,4513.525179856115,627380.0,0.5819933537338624
2026-05-27,75823.27,34203807.850598074,136607070854775.52,950708405.5706699,11.458333333333332,1.6030476642857145,474906.0,4612.628571428571,645768.0,0.46893252231858934
2026-05-28,74348.35,39320840.567629226,136607070854775.58,1100105440.7317753,11.425,1.6543032839506178,490956.0,4810.740740740741,779340.0,0.3268428400041809
2026-05-29,73539.08,32937653.994468622,137881854768831.75,959580184.8628848,13.158333333333333,1.6083746142857138,518522.0,4630.842857142857,648318.0,0.3780092927232993
2026-05-30,73372.1,34800660.64053763,138955357012247.55,980866173.425555,12.233333333333334,1.564558056338027,454741.0,4585.37323943662,651123.0,0.9609730358552281
2026-05-31,73754.51,40416020.03192868,138955357012247.56,994681189.9526752,13.9,1.583892333333333,403295.0,4982.298611111111,717451.0,1.8904578486067716
2026-06-01,73570.59,32156339.769274358,138955357012247.53,932513615.5806334,12.966666666666667,1.581000074074074,508084.0,4134.474074074074,558154.0,0.37301802595777656
2026-06-02,71325.64,24522467.930324204,138955357012247.42,759825908.9916271,14.433333333333334,1.5891833090909093,501194.0,3989.2454545454543,438817.0,0.1937409724637944
2026-06-03,66676.55,24432298.93709044,138955357012247.4,746010892.4645066,14.524999999999999,1.6352896018518523,515383.0,3929.277777777778,424362.0,0.21481732589987967
2026-06-04,64012.8,31994424.504998155,138955357012247.55,980866173.425555,11.358333333333334,1.5695815422535206,538439.0,4142.8239436619715,588281.0,0.28968219746343854
2026-06-05,63812.6,26347747.612574305,138955357012247.53,932513615.5806334,10.166666666666666,1.5970406370370362,557607.0,4222.081481481481,569981.0,0.24058014652712562
2026-06-06,61039.24,23769580.873137023,138955357012247.47,842716008.1543498,13.791666666666666,1.6420532049180319,458423.0,4351.3442622950815,530864.0,0.6661705932901685
2026-06-07,60861.29,23214514.58494519,138955357012247.45,808178466.8365489,15.15,1.6029241538461538,400871.0,4688.153846153846,548514.0,0.9844957339822223
2026-06-08,63274.63,26166733.692821153,138955357012247.5,877253549.4721516,13.366666666666667,1.5962322125984256,457079.0,4568.5511811023625,580206.0,0.35169971954602586
2026-06-09,63090.31,27149338.9211155,138955357012247.48,856531024.6814705,15.308333333333334,1.6199275322580649,466012.0,4623.282258064516,573287.0,0.35987141298093794
2026-06-10,61642.38,24484223.559984963,138955357012247.48,870346041.2085911,11.625,1.6236316984126993,478720.0,4505.396825396825,567680.0,0.4967536179492254
2026-06-11,61450.38,27490584.13183997,138955357012247.53,932513615.5806334,11.483333333333333,1.6029642444444454,487498.0,4722.333333333333,637515.0,0.5014585090048429
2026-06-12,63547.89,31436770.76781264,138955357012247.56,1015403714.743356,13.183333333333334,1.6048355374149657,515594.0,4407.367346938776,647883.0,0.5804919029774096
2026-06-13,63539.65,25757659.401464887,138955357012247.48,856531024.6814705,13.608333333333334,1.5796760483870969,423183.0,4437.870967741936,550296.0,1.5844781771342926
2026-06-14,64427.29,30279244.594365463,125124954924434.3,908119306.0165769,9.933333333333334,1.5896503082191775,400405.0,4976.164383561644,726520.0,2.0120952385305593
2026-06-15,65713.21,32087056.179462083,124932866006548.0,931566968.2181835,10.933333333333334,1.6155192066666673,492782.0,4738.113333333334,710717.0,0.5240160470179224
2026-06-16,66285.33,37804194.329022676,124932866006548.0,1006092325.6756383,11.25,1.587536814814815,477480.0,4854.074074074074,786360.0,0.7027454735040338
2026-06-17,65611.77,28337336.97282871,124932866006548.0,819778932.0320016,13.204166666666666,1.6088632348484853,474545.0,4555.871212121212,601375.0,0.6198044879874762
2026-06-18,64428.91,39027824.014946744,124932866006548.0,1024723665.040002,11.783333333333333,1.6128984787878786,503361.0,4942.648484848485,815537.0,0.702579823679606
2026-06-19,62900.98,33453833.895754717,124932866006548.0,937777414.6729716,11.15,1.5926313576158937,486150.0,4946.503311258278,746922.0,0.7525106563145737
2026-06-20,63486.22,31830352.606492512,124932866006548.0,962619200.4921229,10.866666666666667,1.5514673161290324,409924.0,5028.7806451612905,779461.0,1.7030537289805125
2026-06-21,64250.43,28231237.7138422,124932866006548.0,832199824.9415773,12.75,1.6074756492537314,381259.0,4998.335820895522,669777.0,1.0163547848318621
2026-06-22,63234.7,33983075.16364371,124932866006548.0,968829646.9469111,10.870833333333334,1.590692397435898,454922.0,4941.961538461538,770946.0,0.6856716284217098
2026-06-23,63952.2,37380880.69218837,124932866006548.0,1074407236.6783051,9.283333333333333,1.6027829710982653,464862.0,4988.317919075144,862979.0,0.5802762381604348
2026-06-24,62653.71,30898733.96285523,124932866006548.0,962619200.4921229,8.4,1.5974597548387095,488035.0,4835.6322580645165,749523.0,0.40799343422389744
2026-06-25,60984.24,35737200.07342634,124932866006548.0,1055775897.3139414,9.583333333333332,1.5621058823529408,522671.0,4739.594117647059,805731.0,0.3191632096372747
2026-06-26,59709.65,31793868.264358897,124932866006548.0,962619200.4921229,10.966666666666667,1.5527755161290326,521746.0,4597.129032258064,712555.0,0.2949328579984977
2026-06-27,60023.84,33755336.59745445,133125104579158.0,1111771053.6412394,8.883333333333333,1.6557506488095246,452506.0,4919.541666666667,826483.0,1.432092371821317
2026-06-28,59941.43,28065491.578357432,133869853540304.53,858457140.405019,12.616666666666667,1.6106049379844953,416739.0,4778.503875968992,616427.0,1.3182991444570125
2026-06-29,59496.75,25522718.155180145,133869853540304.55,831838314.3459485,11.333333333333334,1.6037308239999992,490860.0,4252.024,531503.0,0.30589137609503986
2026-06-30,60136.19,32232725.90283712,133869853540304.45,991551270.7003708,11.316666666666666,1.5866905033557048,563177.0,4167.818791946309,621005.0,0.23904231055187952
2026-07-01,58534.28,27517549.948183976,133869853540304.47,951623031.6117651,11.7,1.648197671328671,540315.0,4289.181818181818,613353.0,0.36929910687497813
2026-07-02,59963.86,28684439.449678544,133869853540304.52,871766553.4345543,11.383333333333333,1.6022076259542,527254.0,4149.0,543519.0,0.27074484079951516
2026-07-03,61484.36,30994529.89855728,133869853540304.45,1004860683.7299057,9.883333333333333,1.6020027483443713,529854.0,4539.218543046358,685422.0,0.6774186148630533
2026-07-04,62545.03,31958505.356244735,133869853540304.44,1024824803.2742088,11.291666666666668,1.591535149350649,434728.0,4976.019480519481,766307.0,1.4498800653234667
2026-07-05,63086.45,28045767.693441838,133869853540304.53,851802433.8902514,12.975,1.5917469218750007,386558.0,4968.7265625,635997.0,1.5796000480763914
2026-07-06,63572.03,23545058.25300224,133869853540304.6,771945955.7130404,14.341666666666667,1.624981637931034,453433.0,4471.267241379311,518667.0,0.3752243060259741
2026-07-07,64000.31,33810153.914468095,133869853540304.48,925004205.552695,12.816666666666666,1.6105747482014388,484547.0,4439.971223021583,617156.0,0.4847791965887719
2026-07-08,63287.15,28233489.36954278,133869853540304.5,891730672.9788568,12.245833333333334,1.5828514029850747,463157.0,4518.0,605412.0,0.6354762076154458
2026-07-09,62249.52,25466423.823367156,133869853540304.55,831838314.3459485,11.866666666666667,1.6049035360000006,478640.0,4464.48,558060.0,0.5715441681608804
2026-07-10,63187.84,26596939.859383278,133869853540304.52,865111846.9197867,12.616666666666667,1.5984944692307692,511711.0,4437.446153846154,576868.0,0.5154943926539668
2026-07-11,64124.85,32463101.492726527,132375753206136.81,914680379.41803,12.216666666666667,1.5697605035971225,429886.0,4855.014388489209,674847.0,1.8775029737922329
2026-07-12,63782.83,30154867.50322592,127170500429035.5,910321900.5977656,13.441666666666666,1.5822758888888893,384757.0,5282.944444444444,760744.0,1.648021364895931
2026-07-13,63744.39,32537380.48095552,127170500429035.52,929286940.1935524,12.416666666666666,1.5936932176870748,458741.0,4832.863945578231,710431.0,0.4524814370075538
2026-07-14,62242.32,33685178.291484736,127170500429035.53,979860379.1156503,11.866666666666667,1.5828787612903228,458571.0,4846.864516129032,751264.0,0.46309545318453077
2026-07-15,64960.09,29659602.47794904,127170500429035.48,878713501.2714542,14.083333333333334,1.6402827985611508,481858.0,3985.36690647482,553966.0,0.5125893344259995
2026-07-16,64714.54,24983209.692606576,127170500429035.4,764923263.6967337,12.2,1.613319933884297,467583.0,4446.611570247934,538040.0,0.5271825021615291
2026-07-17,63790.67,27410697.114453245,127170500429035.44,802853342.8883076,14.483333333333333,1.625799354330708,496049.0,4553.755905511811,578327.0,0.45590355584631
2026-07-18,63899.18,44367075.9966361,127170500429035.56,1049398857.6335355,14.75,1.586201909638554,444410.0,5166.933734939759,857711.0,2.2801453302056474
2026-07-19,64797.87,35924593.96592124,127170500429035.56,1043077177.7682731,10.15,1.5366423272727265,386348.0,5447.648484848485,898862.0,1.6671212667983974
2026-07-20,64682.15,32579946.41959805,127170500429035.5,922965260.3282901,13.366666666666667,1.602918191780822,450037.0,5044.513698630137,736499.0,0.6826305157875306
2026-07-21,65209.88,29987302.615410216,127170500429035.48,872391821.4061922,13.458333333333332,1.6365318115942018,480104.0,4667.550724637681,644122.0,0.410737921901024
2026-07-22,66511.66,25171109.330574844,127170500429035.38,726993184.5051601,15.516666666666667,1.610916043478261,467778.0,4397.121739130434,505669.0,0.50660121104944
2026-07-23,66074.13,28366911.134696368,127170500429035.45,834461742.2146184,12.816666666666666,1.5852139242424246,487730.0,4559.106060606061,601802.0,0.5250215598826583
2026-07-24,65051.17,36335889.21904726,127170500429035.53,973538699.2503883,13.241666666666667,1.5694289610389607,541679.0,4781.084415584415,736287.0,0.7665763648628081
2026-07-25,64095.49,29034668.784975085,127156891830380.88,872298466.1852326,13.108333333333334,1.5570354782608702,454647.0,5036.195652173913,694995.0,0.966644864718804
2026-07-26,64311.97,30448318.097199228,126231507121868.0,916150329.1982554,13.620833333333334,1.5885408424657534,439204.0,5192.424657534247,758094.0,1.835846920843294
2026-07-27,65335.46,34806779.22227191,126231507121868.0,865950311.159995,14.691666666666666,1.5956960579710153,477732.0,5041.166666666667,695681.0,0.5781889506554602
2026-07-28,63710.94,26608818.300387148,126231507121868.0,796925286.3573867,13.933333333333334,1.5936889527559048,485064.0,4412.511811023622,560389.0,0.6182896815324844
2026-07-29,63873.46,30874144.40498185,126231507121868.0,897325322.4339077,14.916666666666666,1.6554817062937062,478468.0,4636.853146853146,663070.0,0.6361707108655128
2026-07-30,63897.36,33453364.501118597,126231507121868.0,960075344.9817333,13.283333333333333,1.5833259738562095,497475.0,4654.104575163398,712078.0,0.4491980873222663
2026-07-31,64720.99,34788365.97404295,126231507121868.0,985175354.0008637,9.933333333333334,1.6475649681528663,620856.0,3891.019108280255,610890.0,0.24854795855612669
